,age,animaux,baby,billard,bébé,bébés,cadeau,cartoon,chaussettes,chaussures,coffret,conception,confortable,contenu,coton,design,disponible,dérapant,enfant,enfants,etiquette,fléchettes,foot,gardez,jeu,lumière,main,matériaux,matériel,mode,molle,noël,peau,petits,pied,pieds,plaît,porter,préfet,quotidien,recommandé,rendre,sentiment,sexe,slip,sol,table,âge,écran,étiquette,category_code
0,0,0,0,0,8,1,1,2,4,0,1,0,1,1,0,1,1,0,0,1,0,0,0,1,0,1,1,2,0,0,1,0,1,1,0,1,1,0,1,1,2,0,1,1,2,0,0,2,1,1,1301
1,0,0,2,0,0,0,0,0,0,0,0,0,0,0,0,0,0,0,0,0,0,0,2,0,0,0,0,0,0,0,0,0,0,0,0,0,0,0,0,0,0,0,0,0,0,0,0,0,0,0,1301
2,0,1,0,0,8,1,1,2,6,0,1,0,1,1,0,1,1,0,0,0,1,0,0,1,0,0,1,2,0,0,1,0,1,0,0,1,0,1,1,1,2,0,1,1,2,2,0,2,0,1,1301
3,0,0,0,0,0,0,0,0,0,0,0,0,0,0,0,0,0,0,0,0,0,2,0,0,0,0,0,0,1,0,0,0,0,0,0,0,0,0,0,0,0,0,0,0,0,0,0,0,0,0,1301
4,0,0,0,0,0,0,0,0,0,0,0,1,0,0,0,0,0,0,0,0,0,0,0,0,0,0,0,0,0,0,0,0,0,0,0,0,0,0,0,0,0,0,0,0,0,0,0,0,0,0,1301
5,0,0,1,0,0,0,0,0,0,0,0,0,0,0,0,0,0,0,0,0,0,0,1,0,0,0,0,0,0,0,0,0,0,0,0,0,0,0,0,0,0,0,0,0,0,0,1,0,0,0,1301
6,0,0,0,0,8,1,1,2,4,0,1,0,1,1,0,1,1,0,0,1,0,0,0,1,0,1,1,2,0,0,1,0,1,1,0,1,1,0,1,1,2,0,1,1,2,0,0,2,1,1,1301
7,0,2,0,0,3,2,1,0,3,0,0,0,0,0,2,0,0,0,0,5,0,0,0,0,0,0,0,1,0,1,0,0,0,0,0,1,1,0,0,0,0,0,0,0,0,0,0,1,0,0,1301
8,0,0,0,0,0,0,0,0,0,0,0,0,0,0,0,0,0,0,0,0,0,0,0,0,1,0,0,0,0,0,0,0,0,0,0,1,0,0,0,0,0,0,0,0,0,0,2,0,0,0,1301
9,0,0,0,0,7,1,1,0,4,0,1,0,1,1,2,1,1,0,0,2,0,0,0,1,0,1,1,2,0,0,1,0,1,0,0,1,1,1,1,1,0,1,1,1,0,0,0,1,1,2,1301
10,0,1,0,0,5,0,0,0,7,0,0,1,0,0,3,0,0,2,0,2,0,0,0,1,0,0,0,0,1,0,0,0,0,0,1,1,1,0,0,0,0,0,0,0,0,2,0,1,0,0,1301
11,0,0,0,0,0,0,0,0,0,0,0,0,0,0,0,0,0,0,0,0,0,0,0,0,1,0,0,0,0,0,0,0,0,0,0,0,0,0,0,0,0,0,0,0,0,0,0,0,0,0,1301
12,0,0,0,0,2,0,0,1,3,1,0,1,0,1,1,0,0,0,0,0,0,0,0,0,0,0,0,1,0,1,0,0,0,0,0,0,0,0,0,0,0,0,0,0,2,0,0,1,0,0,1301
13,0,0,0,0,0,0,0,0,0,0,0,0,0,0,0,0,0,0,0,0,0,0,0,0,0,0,0,0,0,0,0,0,0,0,0,0,0,0,0,0,0,0,0,0,0,0,0,0,0,0,1301
14,0,0,0,0,0,0,0,0,0,0,0,0,0,0,0,0,0,0,0,0,0,0,0,0,0,0,0,0,0,0,0,0,0,0,0,0,0,0,0,0,0,0,0,0,0,0,0,0,0,0,1301
15,0,0,0,0,0,0,0,0,0,0,0,0,0,0,0,0,0,0,0,0,0,0,0,0,0,0,0,0,0,0,0,0,0,0,0,0,0,0,0,0,0,0,0,0,0,0,0,0,0,0,1301
16,0,0,0,0,4,0,0,2,3,1,0,1,0,1,1,0,0,0,0,0,0,0,0,0,0,0,0,0,1,1,0,0,0,0,0,0,0,0,0,0,0,0,0,0,2,0,0,2,0,0,1301
17,0,0,0,0,0,0,0,0,0,0,0,0,0,0,0,0,0,0,0,0,0,3,0,0,0,0,0,0,0,0,0,0,0,0,0,0,1,0,0,0,0,0,0,0,0,0,0,0,0,0,1301
18,0,0,0,0,8,2,1,0,6,2,0,1,0,1,1,0,0,0,0,0,0,0,0,0,0,0,0,1,0,0,0,0,0,2,0,0,0,0,1,1,0,0,0,1,0,0,0,0,0,0,1301
19,4,0,0,0,9,0,1,2,6,0,1,0,1,1,1,1,1,1,0,0,4,0,0,1,0,0,1,2,0,0,1,0,1,0,0,1,0,1,1,1,5,1,1,1,1,1,0,1,0,1,1301
20,0,0,0,5,0,0,0,0,0,0,0,0,0,0,0,0,0,0,0,0,0,0,0,0,3,0,0,0,0,0,0,0,0,0,0,2,0,0,0,0,0,0,0,0,0,0,2,0,0,0,1301
21,0,0,0,3,0,0,0,0,0,0,0,0,0,0,0,0,0,0,0,0,0,0,0,0,0,0,0,0,0,0,0,0,0,0,0,0,0,0,0,0,0,0,0,0,0,0,1,0,0,0,1301
22,0,0,0,0,7,0,1,1,4,1,1,0,1,1,1,1,1,0,0,2,0,0,0,1,0,0,1,2,0,0,1,0,1,0,0,2,0,1,1,1,0,0,1,1,2,0,0,0,0,0,1301
23,0,0,0,0,0,0,0,0,0,0,0,0,0,0,0,0,0,0,0,0,0,0,0,0,0,0,0,0,0,0,0,0,0,0,0,0,0,0,0,0,0,0,0,0,0,0,0,0,0,0,1301
24,0,0,0,0,0,0,0,0,0,0,0,0,0,0,0,0,0,0,0,0,0,1,0,0,1,0,0,0,0,0,0,0,0,0,0,0,0,0,0,0,0,0,0,0,0,0,0,0,0,0,1301
25,0,0,0,2,0,0,0,0,0,0,0,0,0,0,0,0,0,0,0,0,0,0,0,0,0,0,0,0,0,0,0,0,0,0,0,0,0,0,0,0,0,0,0,0,0,0,1,0,0,0,1301
26,0,0,0,0,4,0,0,0,5,0,0,0,3,1,0,1,1,0,1,1,0,0,0,1,0,0,1,1,1,0,1,1,1,0,0,1,0,0,0,0,0,1,1,0,0,0,0,0,0,0,1301
27,0,0,0,0,0,0,0,0,0,0,0,0,0,0,0,0,0,0,0,0,0,1,0,0,0,0,0,0,0,0,0,0,0,0,0,0,0,0,0,0,0,0,0,0,0,0,0,0,0,0,1301
28,0,0,0,0,4,2,0,3,3,0,0,0,0,0,1,0,0,2,0,0,0,0,0,0,0,0,0,0,1,0,0,0,0,0,2,1,0,0,0,0,0,0,0,1,0,0,0,2,0,0,1301
29,0,0,0,0,0,0,0,0,0,0,0,0,0,0,0,0,0,0,0,0,0,0,0,0,1,0,0,0,0,0,0,0,0,0,0,0,0,0,0,0,0,0,0,0,0,0,0,0,0,0,1301
30,0,1,0,0,3,0,0,3,3,0,0,0,0,1,3,0,0,0,0,2,0,0,0,0,0,0,0,0,1,0,0,0,0,1,0,1,0,0,0,0,0,0,0,0,2,0,0,0,0,0,1301
31,0,0,0,0,9,0,1,2,6,0,1,0,1,1,1,1,1,0,0,0,1,0,0,1,0,0,1,2,0,0,1,0,1,0,0,1,0,1,1,1,1,0,1,2,2,0,0,1,0,1,1301
32,0,0,0,1,0,0,0,0,0,0,0,0,0,0,0,0,0,0,0,0,0,0,0,0,0,0,0,0,0,0,0,0,0,0,0,0,0,0,0,0,0,0,0,0,0,0,0,0,0,0,1301
33,0,0,2,0,0,0,0,0,0,0,0,0,0,0,0,0,0,0,0,0,0,0,2,0,0,0,0,0,0,0,0,0,0,0,0,0,0,0,0,0,0,0,0,0,0,0,0,0,0,0,1301
34,0,0,0,1,0,0,0,0,0,0,0,0,0,0,0,0,0,0,0,0,0,0,0,0,0,0,0,0,0,0,0,0,0,0,0,0,0,0,0,0,0,0,0,0,0,0,0,0,0,0,1301
35,0,0,0,0,0,0,0,0,0,0,0,0,0,0,0,0,0,0,0,0,0,0,0,0,0,0,0,0,0,0,0,0,0,0,0,0,0,0,0,0,0,0,0,0,0,0,0,0,0,0,1301
36,0,0,0,0,8,0,1,2,6,0,1,0,1,1,0,1,1,1,0,0,1,0,0,1,0,1,1,2,0,0,1,0,1,0,0,1,1,1,1,1,0,1,1,1,1,1,0,0,1,1,1301
37,0,0,0,0,6,0,1,0,3,0,0,1,0,0,3,0,0,0,2,2,0,0,0,0,0,1,2,1,1,3,0,0,1,0,0,0,1,0,0,1,0,1,0,1,0,0,0,0,1,0,1301
38,0,0,0,0,0,0,0,0,0,0,0,0,0,0,0,0,0,0,0,0,0,3,0,0,0,0,0,0,0,0,0,0,0,0,0,0,0,0,0,0,0,0,0,0,0,0,0,0,0,0,1301
39,0,0,0,0,0,0,0,0,0,0,0,0,0,0,0,0,0,0,0,0,0,0,0,0,0,0,0,0,0,0,0,0,0,0,0,0,0,0,0,0,0,0,0,0,0,0,0,0,0,0,1301
40,0,0,1,0,0,0,0,0,0,0,0,0,0,0,0,0,0,0,0,0,0,0,1,0,0,0,0,0,0,0,0,0,0,0,0,0,0,0,0,0,0,0,0,0,0,0,1,0,0,0,1301
41,0,2,0,0,6,2,1,2,4,0,1,0,1,1,1,1,1,0,0,1,0,0,0,1,0,1,1,2,0,0,1,0,1,2,0,1,1,1,1,1,0,1,1,1,2,0,0,0,1,2,1301
42,0,0,0,0,0,0,0,0,0,0,0,0,0,0,0,0,0,0,0,0,0,5,0,0,0,0,0,0,0,0,0,0,0,0,0,0,0,0,0,0,0,0,0,0,0,0,0,0,0,0,1301
43,0,0,0,0,0,0,2,1,3,0,0,0,0,0,0,0,0,0,0,1,0,0,0,0,0,0,0,0,1,0,0,4,0,0,0,0,0,0,0,0,0,0,0,0,0,0,0,0,0,0,1301
44,0,0,0,0,0,0,0,0,0,0,0,0,0,0,0,0,0,0,0,0,0,0,0,0,0,0,0,0,0,0,0,0,0,0,0,0,0,0,0,0,0,0,0,0,0,0,0,0,0,0,1301
45,2,0,0,0,9,0,1,2,4,2,1,0,1,1,1,1,1,0,0,0,3,0,0,1,0,0,1,2,0,0,1,4,1,0,0,1,0,1,1,1,3,0,1,1,0,0,0,2,0,1,1301
46,0,0,0,0,5,0,1,0,0,0,0,0,0,0,3,0,0,0,0,5,0,0,0,0,0,0,0,0,1,1,0,0,0,0,1,0,0,0,0,0,0,0,0,0,0,0,0,0,0,0,1301
47,0,0,0,1,0,0,0,0,0,0,0,0,0,0,0,0,0,0,0,0,0,0,0,0,0,0,0,0,0,0,0,0,0,0,0,0,0,0,0,0,0,0,0,0,0,0,0,0,0,0,1301
48,1,1,0,0,6,0,0,0,7,0,0,1,0,0,3,0,0,2,0,2,0,0,0,1,0,0,0,0,1,0,0,0,0,0,1,1,1,0,0,0,0,0,0,0,0,2,0,0,0,0,1301
49,0,0,0,0,0,0,0,0,0,0,0,0,0,0,0,0,0,0,0,0,0,0,0,0,0,0,0,0,0,0,0,0,0,0,0,0,0,0,0,0,0,0,0,0,0,0,0,0,0,0,1301
50,0,0,0,0,8,0,1,0,6,0,1,0,1,1,0,1,1,0,0,0,1,0,0,1,0,1,1,2,0,0,1,0,1,0,0,1,1,1,1,1,0,1,1,1,2,2,0,0,1,1,1301
51,0,0,2,0,4,0,1,0,4,2,1,0,1,1,1,1,1,0,0,0,1,0,0,1,0,2,1,2,0,0,1,0,2,0,1,1,1,1,1,1,0,1,1,1,0,0,0,2,1,1,1301
52,1,0,0,0,2,0,0,0,3,1,0,1,0,1,1,0,0,0,0,0,0,0,0,0,0,0,0,1,0,1,0,0,0,0,0,0,0,0,0,0,0,0,0,0,2,0,0,1,0,0,1301
53,0,0,0,0,0,0,0,0,0,0,0,0,0,0,0,0,0,0,0,0,0,0,0,0,0,0,0,0,0,0,0,0,0,0,0,0,0,0,0,0,0,0,0,0,0,0,0,0,0,0,1301
54,0,0,0,0,2,0,0,2,3,0,0,0,0,0,3,0,0,1,2,0,0,0,0,0,0,0,0,0,1,0,0,0,0,0,0,0,0,0,0,0,0,0,0,1,0,0,0,3,0,0,1301
55,0,0,0,5,0,0,0,0,0,0,0,0,0,0,0,0,0,0,0,0,0,0,0,0,3,0,0,0,0,0,0,0,0,0,0,2,0,0,0,0,0,0,0,0,0,0,2,0,0,0,1301
56,0,0,0,3,0,0,0,0,0,0,0,0,0,0,0,0,0,0,0,0,0,0,0,0,1,0,0,0,0,0,0,0,0,0,0,0,0,0,0,0,0,0,0,0,0,0,2,0,0,0,1301
57,0,1,0,0,8,0,1,2,6,0,1,0,1,1,0,1,1,0,0,0,1,0,0,1,0,1,1,2,0,0,1,0,1,0,0,1,1,1,1,1,0,1,1,1,2,2,0,2,1,1,1301
58,0,0,0,0,4,2,0,3,3,0,0,0,0,0,1,0,0,2,0,0,0,0,0,0,0,0,0,0,1,0,0,0,0,0,2,1,0,0,0,0,0,0,0,1,0,0,0,2,0,0,1301
59,0,0,0,0,2,0,0,1,3,1,0,1,0,1,1,0,0,0,0,0,0,0,0,0,0,0,0,1,0,1,0,0,0,0,0,0,0,0,0,0,0,0,0,0,2,0,0,0,0,0,1301
60,0,0,0,2,0,0,0,0,0,0,0,0,0,0,0,0,0,0,0,0,0,0,0,0,0,0,0,0,0,0,0,0,0,0,0,0,0,0,0,0,0,0,0,0,0,0,0,0,0,0,1301
61,0,0,0,0,3,0,0,0,7,0,0,0,0,0,3,0,0,0,0,0,0,0,0,0,0,0,0,0,0,0,0,0,0,0,0,0,0,0,0,0,0,0,0,1,0,0,0,1,0,0,1301
62,0,0,0,0,7,0,1,1,3,3,0,1,1,1,1,0,0,0,0,0,0,0,0,0,0,0,0,1,0,0,0,0,0,0,0,0,1,1,1,1,0,0,0,1,2,0,0,0,1,0,1301
63,0,0,3,0,14,2,8,0,4,0,0,3,3,0,0,1,0,0,1,0,0,0,0,0,1,0,2,0,3,0,0,0,0,4,1,7,0,0,0,0,1,0,0,0,0,0,0,0,0,0,1301
64,0,0,1,0,0,0,0,0,0,0,0,0,0,0,0,0,0,0,0,0,0,0,1,0,0,0,0,0,0,0,0,0,0,0,0,0,0,0,0,0,0,0,0,0,0,0,0,0,0,0,1301
65,0,0,2,0,0,0,0,0,0,0,0,0,0,0,0,0,0,0,0,0,0,0,2,0,0,0,0,0,0,0,0,0,0,0,0,0,0,0,0,0,0,0,0,0,0,0,0,0,0,0,1301
66,0,0,0,1,0,0,0,0,0,0,0,0,0,0,0,0,0,0,0,0,0,0,0,0,0,0,0,0,0,0,0,0,0,0,0,0,0,0,0,0,0,0,0,0,0,0,1,0,0,0,1301
67,0,0,0,0,5,1,1,0,3,0,1,0,1,1,0,1,1,0,0,2,0,0,0,1,0,1,1,2,0,0,1,0,1,2,0,1,1,1,1,1,0,0,1,1,0,0,0,1,1,0,1301
68,0,0,0,0,0,0,0,0,0,0,0,0,0,0,0,0,0,0,0,0,0,8,0,0,0,0,0,0,0,0,0,0,0,0,0,0,0,0,0,0,0,0,0,0,0,0,0,0,0,0,1301
69,0,0,0,0,2,0,1,0,7,0,0,0,0,0,2,0,0,0,0,5,0,0,0,0,0,0,0,1,0,1,0,0,0,0,0,0,1,0,0,0,0,0,0,0,0,0,0,1,0,0,1301
70,0,0,0,0,0,0,0,0,0,0,0,0,0,0,0,0,0,0,0,0,0,2,0,0,0,0,0,0,0,0,0,0,0,0,0,0,0,0,0,0,0,0,0,0,0,0,0,0,0,0,1301
71,0,0,2,0,0,0,0,0,0,0,0,0,0,0,0,0,0,0,0,0,0,0,2,0,1,0,0,0,0,0,0,0,0,0,1,0,0,0,0,0,0,0,0,0,0,0,2,0,0,0,1301
72,0,2,0,0,6,2,1,2,4,0,1,0,1,1,1,1,1,0,0,1,1,0,0,1,0,1,1,2,0,0,1,0,1,2,2,1,1,1,1,1,0,1,1,1,2,0,0,0,1,0,1301
73,0,0,1,0,0,0,0,0,0,0,0,0,0,0,0,0,0,0,0,0,0,0,1,0,0,0,0,0,0,0,0,0,0,0,0,0,0,0,0,0,0,0,0,0,0,0,0,0,0,0,1301
74,0,0,0,0,0,0,0,0,0,0,0,0,0,0,0,0,0,0,0,0,0,0,0,0,0,0,0,0,0,0,0,0,0,0,0,0,0,0,0,0,0,0,0,0,0,0,0,0,0,0,1301
75,0,0,0,0,5,0,0,0,0,0,0,1,0,0,1,0,0,0,1,0,0,0,0,0,0,1,2,1,0,1,0,0,1,0,0,0,1,0,0,1,0,1,0,1,0,0,0,2,1,2,1301
76,0,0,0,0,8,0,1,2,6,0,1,0,1,1,0,1,1,1,0,0,1,0,0,1,0,1,1,2,0,0,1,0,1,0,0,1,1,1,1,1,0,1,1,1,1,1,0,0,1,1,1301
77,0,0,0,0,4,0,0,0,1,0,0,0,0,0,3,0,0,0,2,0,0,0,0,0,0,0,0,0,1,0,0,0,0,0,0,0,0,0,0,0,0,0,0,1,0,0,0,0,0,0,1301
78,0,0,0,0,0,0,0,0,0,0,0,0,0,0,0,0,0,0,0,0,0,0,0,0,0,0,0,0,0,0,0,0,0,0,0,0,0,0,0,0,0,0,0,0,0,0,0,0,0,0,1301
79,0,0,0,0,0,0,0,0,0,0,0,0,0,0,0,0,0,0,0,0,0,0,0,0,0,0,0,0,0,0,0,0,0,0,0,0,0,0,0,0,0,0,0,0,0,0,0,0,0,0,1301
80,0,0,0,0,0,0,0,0,0,0,0,1,0,0,0,0,0,0,0,0,0,0,0,0,0,0,0,0,0,0,0,0,0,0,0,0,0,0,0,0,0,0,0,0,0,0,0,0,0,0,1301
81,0,0,0,0,0,0,0,0,0,0,0,0,0,0,0,0,0,0,0,0,0,2,0,0,0,0,0,0,0,0,0,0,0,0,0,0,0,0,0,0,0,0,0,0,0,0,0,0,0,0,1301
82,0,2,0,0,7,2,1,2,4,0,1,0,1,1,1,1,1,0,0,1,0,0,0,1,0,1,1,2,0,0,1,0,1,2,0,1,1,1,1,1,0,1,1,1,2,0,0,0,1,0,1301
83,0,0,0,0,5,1,1,2,6,0,1,0,1,1,0,1,1,0,2,0,0,0,0,0,0,1,1,2,0,0,1,0,1,0,0,1,1,1,1,1,1,0,1,1,0,0,0,1,1,1,1301
84,0,0,0,4,0,0,0,0,0,0,0,0,0,0,0,0,0,0,0,0,0,0,0,0,3,0,0,0,0,0,0,0,0,0,0,0,0,0,0,0,0,0,0,0,0,0,6,0,0,0,1301
85,0,0,0,0,2,0,0,2,3,0,0,0,0,0,3,0,0,1,2,1,0,0,0,0,0,0,0,0,1,0,0,0,0,0,0,0,0,0,0,0,0,0,0,1,0,0,0,3,0,0,1301
86,0,0,0,0,0,0,0,0,0,0,0,0,0,0,0,0,0,0,0,0,0,1,0,0,1,0,0,0,0,0,0,0,0,0,0,0,0,0,0,0,0,0,0,0,0,0,0,0,0,0,1301
87,1,1,0,0,6,1,1,1,4,1,1,0,1,1,1,1,1,0,0,0,1,0,0,1,0,1,1,2,0,0,1,0,1,1,2,1,1,1,1,1,0,1,1,1,2,0,0,1,1,1,1301
88,1,2,0,0,7,2,1,2,4,0,1,0,1,1,1,1,1,0,0,1,2,0,0,1,0,0,1,2,0,0,1,0,1,2,0,1,0,0,1,1,2,0,1,1,2,0,0,2,0,1,1301
89,1,0,0,0,7,0,1,2,4,0,1,0,1,1,3,1,1,0,3,1,1,0,0,1,0,0,1,2,0,0,1,0,1,1,0,1,0,1,1,1,1,0,1,1,0,0,0,2,0,1,1301
90,0,0,0,0,0,0,0,0,3,0,0,0,0,1,4,0,0,0,0,2,0,0,0,0,0,0,0,0,1,0,0,0,0,0,0,0,0,0,0,0,0,0,0,0,0,0,0,3,0,0,1301
91,0,0,0,0,8,0,1,2,6,0,1,0,1,1,0,1,1,1,0,0,1,0,0,1,0,1,1,2,0,0,1,0,1,0,0,1,1,1,1,1,0,1,1,1,1,1,0,0,1,1,1301
92,4,0,0,0,9,0,1,2,6,0,1,0,1,1,1,1,1,1,0,0,4,0,0,1,0,0,1,2,0,0,1,0,1,0,0,1,0,1,1,1,5,1,1,1,1,1,0,1,0,1,1301
93,0,0,0,4,0,0,0,0,0,0,0,0,0,0,0,0,0,0,0,0,0,0,0,0,3,0,0,0,0,0,0,0,0,0,0,2,0,0,0,0,0,0,0,0,0,0,4,0,0,0,1301
94,0,0,0,0,4,0,0,2,3,1,0,1,0,1,1,0,0,0,0,0,0,0,0,0,0,0,0,0,1,1,0,0,0,0,0,0,0,0,0,0,0,0,0,0,2,0,0,2,0,0,1301
95,0,0,0,0,0,0,0,0,0,0,0,0,0,0,0,0,0,0,0,0,0,0,0,0,0,0,0,0,0,0,0,0,0,0,0,0,0,0,0,0,0,0,0,0,0,0,0,0,0,0,1301
96,0,0,0,0,0,0,0,0,0,0,0,0,0,0,0,0,0,0,0,0,0,0,0,0,0,0,0,0,0,0,0,0,0,0,0,0,0,0,0,0,0,0,0,0,0,0,0,0,0,0,1301
97,0,1,0,0,8,0,1,2,6,0,1,0,1,1,0,1,1,0,0,0,0,0,0,1,0,1,1,2,0,0,1,0,1,0,0,1,1,1,1,1,0,1,1,1,2,2,0,2,1,2,1301
98,0,1,0,0,5,0,0,0,0,0,0,1,0,0,1,0,0,0,0,0,0,0,0,1,0,0,0,0,0,0,0,3,0,0,0,0,0,0,0,0,0,0,0,0,0,0,0,1,0,0,1301
99,0,0,0,0,0,0,0,0,0,0,0,2,0,0,0,0,0,0,0,0,0,8,0,0,0,0,0,0,0,1,0,0,0,0,0,0,0,1,0,0,0,0,0,0,0,0,0,0,0,0,1301
100,0,0,0,0,0,0,0,0,0,0,0,0,0,0,0,0,0,0,0,0,0,1,0,0,0,0,0,0,0,0,0,0,0,0,0,0,0,0,0,0,0,0,0,0,0,0,0,0,0,0,1301
101,0,0,0,0,0,0,0,0,0,0,0,0,0,0,0,0,0,0,0,0,0,0,0,0,2,0,0,0,0,0,0,0,0,0,0,0,0,0,0,0,0,0,0,0,0,0,0,0,0,0,1301
102,0,0,0,0,2,0,0,3,3,1,0,0,0,1,1,0,0,0,2,2,0,0,0,0,0,0,0,0,1,0,0,0,0,0,0,0,0,0,0,0,0,0,0,1,0,0,0,1,0,0,1301
103,0,0,0,0,8,0,1,0,6,0,1,0,1,1,1,1,1,0,0,0,0,0,0,1,0,1,1,2,0,0,1,2,1,0,0,1,1,1,1,1,0,1,1,1,1,0,0,0,1,0,1301
104,0,0,0,2,0,0,0,0,0,0,0,0,0,0,0,0,0,0,0,0,0,0,0,0,0,0,0,0,0,0,0,0,0,0,0,0,0,0,0,0,0,0,0,0,0,0,0,0,0,0,1301
105,0,0,0,0,0,0,0,0,0,0,0,0,0,0,0,0,0,0,0,0,0,0,0,0,0,0,0,0,0,0,0,0,0,0,0,0,0,0,0,0,0,0,0,0,0,0,0,0,0,0,1301
106,0,0,0,0,5,0,1,3,0,0,0,1,0,0,1,0,0,0,1,0,0,0,0,0,0,1,2,1,1,1,0,0,1,0,0,0,1,0,0,1,0,1,0,1,0,0,0,1,1,1,1301
107,0,0,0,0,5,0,0,0,3,0,0,0,0,0,1,0,0,0,0,1,0,0,0,0,0,0,0,0,0,1,0,0,0,0,1,0,0,0,0,0,0,0,0,1,0,0,0,0,0,0,1301
108,0,0,0,0,7,0,1,2,4,0,1,0,1,1,1,1,1,0,0,2,1,0,0,1,0,1,1,2,0,0,1,0,1,0,0,2,1,1,1,1,0,1,1,1,2,0,0,0,1,0,1301
109,0,0,0,0,7,0,1,4,1,1,0,0,0,1,2,2,1,1,2,1,0,0,0,0,0,0,1,1,0,0,0,0,1,0,8,2,1,0,0,0,0,0,0,1,1,0,0,10,1,0,1301
110,0,0,0,0,4,2,0,3,3,0,0,0,0,0,1,0,0,2,0,0,0,0,0,0,0,0,0,0,1,0,0,0,0,0,2,1,0,0,0,0,0,0,0,1,0,0,0,2,0,0,1301
111,0,0,0,0,0,0,0,0,0,0,0,0,0,0,0,0,0,0,0,0,0,0,0,0,0,0,0,0,0,0,0,0,0,0,0,0,0,0,0,0,0,0,0,0,0,0,0,0,0,0,1301
112,0,0,0,0,8,0,1,0,6,0,1,0,1,1,0,1,1,0,0,0,1,0,0,1,0,1,1,2,0,0,1,2,1,0,0,3,1,1,1,1,0,1,1,1,1,0,0,0,1,1,1301
113,0,0,0,0,8,1,1,0,4,0,1,0,1,1,2,1,1,0,0,2,1,0,0,1,0,1,1,2,0,0,1,0,1,0,0,1,1,0,1,1,0,1,1,1,0,0,0,2,1,1,1301
114,0,0,0,0,1,2,0,2,3,0,0,0,0,1,3,0,0,0,0,3,0,0,0,0,0,0,0,0,1,1,0,0,0,2,0,0,0,0,0,0,0,0,0,0,0,0,0,0,0,0,1301
115,0,0,0,0,5,2,1,2,6,0,1,0,1,1,1,1,1,0,0,2,0,0,0,1,0,1,1,2,0,0,1,0,1,1,0,1,1,1,1,1,0,1,1,1,2,0,0,0,1,0,1301
116,0,0,0,0,0,0,0,0,0,0,0,0,0,0,0,0,0,0,0,0,0,0,0,0,0,0,0,0,0,0,0,0,0,0,0,0,0,0,0,0,0,0,0,0,0,0,0,0,0,0,1301
117,0,0,0,2,0,0,0,0,0,0,0,0,0,0,0,0,0,0,0,0,0,0,0,0,6,0,1,0,0,0,0,0,0,0,0,0,0,0,0,0,0,0,0,0,0,0,1,0,0,0,1301
118,0,0,0,0,4,0,0,2,3,1,0,1,0,1,1,0,0,0,0,0,0,0,0,0,0,0,0,0,1,1,0,0,0,0,0,0,0,0,0,0,0,0,0,0,2,0,0,2,0,0,1301
119,0,0,0,0,7,0,1,1,3,3,0,1,1,1,1,0,0,0,0,0,0,0,0,0,0,0,0,1,0,0,0,0,0,0,0,0,1,1,1,1,0,0,0,1,2,0,0,0,1,0,1301
120,0,0,0,0,5,2,1,0,3,0,1,0,1,1,3,1,1,0,0,2,1,0,0,1,0,1,1,2,0,0,1,0,1,2,0,1,1,1,1,1,0,1,1,1,0,0,0,0,1,0,1301
121,0,0,0,0,0,0,0,0,0,0,0,0,0,0,0,0,0,0,0,0,0,0,0,0,2,0,0,0,0,0,0,0,0,0,0,0,0,0,0,0,0,0,0,0,0,0,0,0,0,0,1301
122,0,1,0,0,2,0,0,2,3,0,0,0,0,1,3,0,0,0,0,0,0,0,0,0,0,0,0,0,1,0,0,0,0,0,0,1,1,0,0,0,0,0,0,0,0,0,0,0,0,0,1301
123,0,0,0,1,0,0,0,0,0,0,0,0,0,0,0,0,0,0,0,0,0,0,0,0,0,0,0,0,0,0,0,0,0,0,0,0,0,0,0,0,0,0,0,0,0,0,0,0,0,0,1301
124,0,0,0,0,2,0,0,1,3,1,0,1,0,1,1,0,0,0,0,0,0,0,0,0,0,0,0,1,0,1,0,0,0,0,0,0,0,0,0,0,0,0,0,0,2,0,0,1,0,0,1301
125,0,0,0,0,0,0,0,0,0,0,0,0,0,0,0,0,0,0,0,0,0,0,0,0,0,0,0,0,0,0,0,0,0,0,0,0,0,0,0,0,0,0,0,0,0,0,0,0,0,0,1301
126,0,0,0,1,0,0,0,0,0,0,0,0,0,0,0,0,0,0,0,0,0,0,0,0,0,0,0,0,0,0,0,0,0,0,0,0,0,0,0,0,0,0,0,0,0,0,1,0,0,0,1301
127,4,0,0,0,9,0,1,2,6,0,1,0,1,1,1,1,1,0,0,0,3,0,0,1,0,0,1,2,0,0,1,2,1,0,0,1,0,1,1,1,5,1,1,1,1,1,0,1,0,2,1301
128,0,0,0,0,2,0,0,1,3,1,0,1,0,1,1,0,0,0,0,0,0,0,0,0,0,0,0,1,0,1,0,0,0,0,0,0,0,0,0,0,0,0,0,0,2,0,0,1,0,0,1301
129,0,0,0,0,3,1,0,0,3,0,0,0,3,1,2,1,1,0,1,1,1,0,0,1,0,0,1,1,1,0,1,1,1,0,0,1,0,0,0,0,2,1,1,0,0,0,0,2,0,1,1301
130,0,0,0,1,0,0,0,0,0,0,0,0,0,0,0,0,0,0,0,0,0,0,0,0,0,0,0,0,0,0,0,0,0,0,0,0,0,0,0,0,0,0,0,0,0,0,0,0,0,0,1301
131,0,0,0,0,0,0,0,0,0,0,0,0,0,0,0,0,0,0,0,0,0,5,0,0,0,0,0,0,0,0,0,0,0,0,0,0,0,0,0,0,0,0,0,0,0,0,0,0,0,0,1301
132,0,0,0,0,7,0,1,4,1,1,0,0,0,1,2,2,1,1,2,1,0,0,0,0,0,0,1,1,0,0,0,0,1,0,8,2,1,0,0,0,0,0,0,1,1,0,0,10,1,0,1301
133,0,0,0,1,0,0,0,0,0,0,0,0,0,0,0,0,0,0,0,0,0,0,0,0,0,0,0,0,0,0,0,0,0,0,0,0,0,0,0,0,0,0,0,0,0,0,0,0,0,0,1301
134,2,2,0,0,9,0,3,0,6,2,1,0,1,1,2,1,1,0,0,1,3,0,0,1,0,0,1,2,0,0,1,1,1,0,3,1,0,1,1,1,3,0,1,1,0,2,0,2,0,1,1301
135,0,0,0,0,0,0,0,0,0,0,0,0,0,0,0,0,0,0,0,0,0,0,0,0,1,0,0,0,0,0,0,0,0,0,0,0,0,0,0,0,0,0,0,0,0,0,0,0,0,0,1301
136,0,2,0,0,6,1,1,2,4,0,1,0,1,1,1,1,1,0,0,1,0,0,0,1,0,1,1,2,0,0,1,0,1,1,2,1,1,1,1,1,0,1,1,1,2,0,0,0,1,2,1301
137,1,2,0,0,7,2,1,2,4,0,1,0,1,1,1,1,1,0,0,1,2,0,0,1,0,0,1,2,0,0,1,0,1,2,0,1,0,0,1,1,2,0,1,1,2,0,0,2,0,1,1301
138,0,0,0,0,5,2,1,0,4,0,1,0,1,1,3,1,1,0,2,2,0,0,0,1,0,0,1,2,0,0,1,0,1,2,0,1,0,1,1,1,0,0,1,1,0,0,0,0,0,0,1301
139,0,0,0,2,0,0,0,0,0,0,0,0,0,0,0,0,0,0,0,0,0,0,0,0,0,0,0,0,0,0,0,0,0,0,0,0,0,0,0,0,0,0,0,0,0,0,0,0,0,0,1301
140,0,0,0,0,0,0,0,0,0,0,0,0,0,0,0,0,0,0,0,0,0,5,0,0,0,0,0,0,0,0,0,0,0,0,0,0,0,0,0,0,0,0,0,0,0,0,0,0,0,0,1301
141,0,0,0,2,0,0,0,0,0,0,0,0,0,0,0,0,0,0,0,0,0,0,0,0,2,0,0,0,0,0,0,0,0,0,0,0,0,0,0,0,0,0,0,0,0,0,0,0,0,0,1301
142,0,0,0,0,4,2,0,3,3,0,0,0,0,0,1,0,0,2,0,0,0,0,0,0,0,0,0,0,1,0,0,0,0,0,2,1,0,0,0,0,0,0,0,1,0,0,0,2,0,0,1301
143,0,0,0,0,3,1,0,0,3,0,0,0,3,1,3,1,1,0,1,1,0,0,0,1,0,0,1,1,1,0,1,1,1,0,0,1,0,0,0,0,0,1,1,0,0,0,0,0,0,0,1301
144,0,0,0,0,4,2,0,3,3,0,0,0,0,0,1,0,0,2,0,0,0,0,0,0,0,0,0,0,1,0,0,0,0,0,2,1,0,0,0,0,0,0,0,1,0,0,0,2,0,0,1301
145,0,0,0,0,0,0,0,0,0,0,0,0,0,0,0,0,0,0,0,0,0,0,0,0,0,0,0,0,0,0,0,0,0,0,0,0,0,0,0,0,0,0,0,0,0,0,0,0,0,0,1301
146,0,0,0,1,0,0,0,0,0,0,0,0,0,0,0,0,0,0,0,0,0,0,0,0,1,0,0,0,0,0,0,0,0,0,0,0,0,0,0,0,0,0,0,0,0,0,0,0,0,0,1301
147,0,1,0,0,7,0,1,2,4,0,1,0,1,1,1,1,1,0,0,2,1,0,0,1,0,1,1,2,0,0,1,0,1,0,0,2,1,1,1,1,0,1,1,1,2,0,0,0,1,0,1301
148,0,2,0,0,7,2,1,2,4,0,1,0,1,1,1,1,1,0,0,1,0,0,0,1,0,1,1,2,0,0,1,0,1,2,0,1,1,1,1,1,0,1,1,1,2,0,0,0,1,0,1301
149,0,0,0,0,0,0,0,0,0,0,0,0,0,0,0,1,0,0,0,0,0,0,0,0,3,0,0,0,0,0,0,0,0,0,0,0,0,0,0,0,0,0,0,0,0,0,1,0,0,0,1301
150,0,0,0,0,0,0,0,0,0,0,0,0,0,0,0,0,0,0,0,0,0,2,0,0,0,0,0,0,0,0,0,0,0,0,0,0,0,0,0,0,0,0,0,0,0,0,0,0,0,0,1301
151,0,1,0,0,3,0,0,3,3,0,0,0,0,1,3,0,0,0,0,2,0,0,0,0,0,0,0,0,1,0,0,0,0,1,0,1,0,0,0,0,0,0,0,0,2,0,0,0,0,0,1301
152,4,0,0,0,9,0,1,2,6,0,1,0,1,1,1,1,1,0,0,0,3,0,0,1,0,0,1,2,0,0,1,2,1,0,0,1,0,1,1,1,5,1,1,1,1,1,0,1,0,2,1301
153,0,0,1,0,0,0,0,0,0,0,0,0,0,0,0,0,0,0,0,0,0,0,1,0,0,0,0,0,0,0,0,0,0,0,0,0,0,0,0,0,0,0,0,0,0,0,0,0,0,0,1301
154,0,0,0,1,0,0,0,0,0,0,0,0,0,0,0,0,0,0,0,0,0,0,0,0,0,0,0,0,0,0,0,0,0,0,0,0,0,0,0,0,0,0,0,0,0,0,0,0,0,0,1301
155,0,0,0,0,0,0,0,0,0,0,0,0,0,0,0,0,0,0,0,0,0,4,0,0,2,0,0,0,0,0,0,0,0,0,0,0,0,0,0,0,0,0,0,0,0,0,0,0,0,0,1301
156,0,0,0,0,0,0,0,0,0,0,0,0,0,0,0,0,0,0,0,0,0,0,0,0,1,0,0,0,0,0,0,0,0,0,0,0,0,0,0,0,0,0,0,0,0,0,0,0,0,0,1301
157,0,0,0,2,0,0,0,0,0,0,0,0,0,0,0,0,0,0,0,0,0,0,0,0,0,0,0,0,0,0,0,0,0,0,0,0,0,0,0,0,0,0,0,0,0,0,0,0,0,0,1301
158,0,0,0,0,0,0,0,0,0,0,0,0,0,0,0,0,0,0,0,0,0,6,0,0,0,0,0,0,0,0,0,0,0,0,0,0,0,0,0,0,0,0,0,0,0,0,0,0,0,0,1301
159,0,0,0,0,0,0,0,0,3,0,0,1,0,1,0,0,0,0,0,5,0,0,0,0,0,0,0,0,1,1,0,0,0,0,0,0,0,0,0,0,0,0,0,0,0,0,0,0,0,0,1301
160,0,0,0,0,5,0,1,3,0,0,0,1,0,0,1,0,0,0,1,4,0,0,0,0,0,1,2,1,1,1,0,0,1,0,0,0,1,0,0,1,0,1,0,1,0,0,0,1,1,1,1301
161,0,1,0,0,5,0,0,0,7,0,0,1,0,0,3,0,0,2,0,2,0,0,0,1,0,0,0,0,1,0,0,0,0,0,1,1,1,0,0,0,0,0,0,0,0,2,0,1,0,0,1301
162,0,0,1,0,0,0,0,0,0,0,0,0,0,0,0,0,0,0,0,0,0,0,1,0,0,0,0,0,0,0,0,0,0,0,0,0,0,0,0,0,0,0,0,0,0,0,0,0,0,0,1301
163,1,0,0,0,7,0,1,2,4,0,1,0,1,1,3,1,1,0,3,1,1,0,0,1,0,0,1,2,0,0,1,0,1,1,0,1,0,1,1,1,1,0,1,1,0,0,0,2,0,1,1301
164,0,2,0,0,6,0,1,2,4,0,1,0,1,1,3,1,1,0,1,2,0,0,0,1,0,0,1,2,0,0,1,0,1,2,0,1,0,1,1,1,0,1,1,1,2,0,0,0,0,0,1301
165,0,1,0,0,4,0,0,0,3,0,0,1,0,0,1,0,0,0,0,2,0,0,0,1,0,0,0,0,1,0,0,0,0,1,0,1,1,0,0,0,0,0,0,0,0,0,0,0,0,0,1301
166,0,0,0,0,0,0,0,0,0,0,0,0,0,0,0,0,0,0,0,0,0,0,0,0,0,0,0,0,0,0,0,0,0,0,0,0,0,0,0,0,0,0,0,0,0,0,0,0,0,0,1301
167,3,2,0,0,5,2,1,2,4,0,1,0,1,1,1,1,1,0,2,1,3,0,0,1,0,0,1,2,0,0,1,0,1,0,0,1,0,0,1,1,3,0,1,1,2,0,0,1,0,1,1301
168,0,0,0,0,4,2,0,3,3,0,0,0,0,0,1,0,0,2,0,0,0,0,0,0,0,0,0,0,1,0,0,0,0,0,2,1,0,0,0,0,0,0,0,1,0,0,0,2,0,0,1301
169,0,0,0,0,2,0,0,3,3,1,0,0,0,1,1,0,0,0,2,2,0,0,0,0,0,0,0,0,1,0,0,0,0,0,0,0,0,0,0,0,0,0,0,1,0,0,0,1,0,0,1301
170,0,0,0,0,0,0,0,0,0,0,0,0,0,0,0,0,0,0,0,0,0,0,0,0,3,0,0,0,0,0,0,0,0,0,0,0,0,0,0,0,0,0,0,0,0,0,0,0,1,0,1301
171,0,0,0,1,0,0,0,0,0,0,0,0,0,0,0,0,0,0,0,0,0,0,0,0,0,0,0,0,0,0,0,0,0,0,0,0,0,0,0,0,0,0,0,0,0,0,0,0,0,0,1301
172,0,0,0,1,0,0,0,0,0,0,0,0,0,0,0,0,0,0,0,0,0,0,0,0,0,0,0,0,0,0,0,0,0,0,0,0,0,0,0,0,0,0,0,0,0,0,0,0,0,0,1301
173,0,2,0,0,6,2,1,2,4,0,1,0,1,1,1,1,1,0,2,3,0,0,0,1,0,1,1,2,0,0,1,0,1,0,0,1,1,1,1,1,0,1,1,1,2,0,0,2,1,0,1301
174,0,0,0,1,0,0,0,0,0,0,0,0,0,0,0,0,0,0,0,0,0,0,0,0,0,0,0,0,0,0,0,0,0,0,0,0,0,0,0,0,0,0,0,0,0,0,0,0,0,0,1301
175,0,0,0,0,8,0,1,0,4,0,1,0,1,1,0,1,1,0,0,2,1,0,0,1,0,1,1,2,0,0,1,0,1,0,0,3,1,1,1,1,0,1,1,1,0,0,0,0,1,1,1301
176,0,0,0,0,0,0,0,0,0,0,0,1,0,0,0,0,0,0,1,5,0,2,0,0,1,0,0,0,1,0,0,0,0,0,0,0,0,0,0,0,0,0,0,0,0,0,0,0,0,0,1301
177,0,0,0,0,0,0,0,0,0,0,0,0,0,0,0,0,0,0,0,0,0,0,0,0,0,0,0,0,0,0,0,0,0,0,0,0,0,0,0,0,0,0,0,0,0,0,0,0,0,0,1301
178,0,2,0,0,6,2,1,2,4,0,1,0,1,1,1,1,1,0,2,3,0,0,0,1,0,1,1,2,0,0,1,0,1,0,0,1,1,1,1,1,0,1,1,1,2,0,0,2,1,0,1301
179,0,0,1,0,4,0,0,0,4,0,0,0,0,0,4,0,0,1,0,4,0,0,0,0,0,0,0,0,1,0,0,0,0,0,0,0,0,0,0,0,0,0,0,1,0,0,0,2,0,0,1301
180,0,0,0,0,2,0,0,1,3,1,0,1,0,1,1,0,0,0,0,0,0,0,0,0,0,0,0,1,0,1,0,0,0,0,0,0,0,0,0,0,0,0,0,0,2,0,0,1,0,0,1301
181,0,0,0,1,0,0,0,0,0,0,0,0,0,0,0,0,0,0,0,0,0,0,0,0,0,0,0,0,0,0,0,0,0,0,0,1,0,0,0,0,0,0,0,0,0,0,1,0,0,0,1301
182,0,0,0,0,0,0,0,0,0,0,0,0,0,0,0,0,0,0,0,0,0,2,0,0,0,0,0,0,0,0,0,0,0,0,0,0,0,0,0,0,0,0,0,0,0,0,0,0,0,0,1301
183,0,0,1,0,0,0,0,0,0,0,0,0,0,0,0,0,0,0,0,0,0,0,1,0,0,0,0,0,0,0,0,0,0,0,0,0,0,0,0,0,0,0,0,0,0,0,1,0,0,0,1301
184,2,0,0,0,9,0,1,2,4,2,1,0,1,1,1,1,1,0,0,0,3,0,0,1,0,0,1,2,0,0,1,4,1,0,0,1,0,1,1,1,3,0,1,1,0,0,0,2,0,1,1301
185,4,0,0,0,9,0,1,2,6,0,1,0,1,1,1,1,1,0,0,0,3,0,0,1,0,0,1,2,0,0,1,2,1,0,0,1,0,1,1,1,5,1,1,1,1,1,0,1,0,2,1301
186,0,0,0,0,8,0,1,0,6,0,1,0,1,1,1,1,1,0,0,0,0,0,0,1,0,1,1,2,0,0,1,2,1,0,0,1,1,1,1,1,0,1,1,1,1,0,0,0,1,0,1301
187,0,0,0,0,0,0,0,0,0,0,0,0,0,0,0,0,0,0,0,0,0,0,0,0,0,0,0,0,0,0,0,0,0,0,0,0,0,0,0,0,0,0,0,0,0,0,1,0,0,0,1301
188,0,0,0,0,0,0,0,0,0,0,0,0,0,0,0,0,0,0,0,0,0,0,0,0,0,0,0,0,0,0,0,0,0,0,0,0,0,0,0,0,0,0,0,0,0,0,0,0,0,0,1301
189,0,0,1,0,0,0,0,0,0,0,0,0,0,0,0,0,0,0,0,0,0,0,1,0,0,0,0,0,0,0,0,0,0,0,0,0,0,0,0,0,0,0,0,0,0,0,0,0,0,0,1301
190,0,0,0,2,0,0,0,0,0,0,0,0,0,0,0,0,0,0,0,0,0,0,0,0,0,0,0,0,0,0,0,0,0,0,0,0,0,0,0,0,0,0,0,0,0,0,0,0,0,0,1301
191,0,0,0,0,2,0,0,1,3,1,0,1,0,1,1,0,0,0,0,0,0,0,0,0,0,0,0,1,0,1,0,0,0,0,0,0,0,0,0,0,0,0,0,0,2,0,0,1,0,0,1301
192,1,0,0,0,7,0,1,2,4,0,0,0,1,1,3,1,1,0,2,2,0,0,0,1,0,0,1,2,0,0,1,0,1,2,0,1,0,0,1,1,1,0,1,1,0,0,0,1,0,2,1301
193,0,0,0,0,4,0,1,0,2,0,0,0,0,0,2,0,0,0,2,4,0,0,0,0,0,0,0,1,0,1,0,0,0,0,0,0,1,0,0,0,0,0,0,0,0,0,0,1,0,0,1301
194,0,0,0,0,2,2,1,0,5,0,0,0,0,0,3,0,0,0,0,1,0,0,0,0,0,0,0,1,0,1,0,0,0,0,0,0,1,0,0,0,0,0,0,0,0,0,0,1,0,0,1301
195,0,0,0,0,2,0,0,1,3,2,0,0,0,1,1,0,0,0,1,2,0,0,0,0,0,0,0,0,0,0,0,0,0,1,0,0,0,0,0,0,0,0,0,0,0,0,0,0,0,0,1301
196,0,0,0,1,0,0,0,0,0,0,0,0,0,0,0,0,0,0,0,0,0,0,0,0,0,0,0,0,0,0,0,0,0,0,0,0,0,0,0,0,0,0,0,0,0,0,0,0,0,0,1301
197,0,0,0,2,0,0,0,0,0,0,0,0,0,0,0,0,0,0,0,0,0,0,0,0,0,0,0,0,0,0,0,0,0,0,0,0,0,0,0,0,0,0,0,0,0,0,0,0,0,0,1301
198,0,0,0,0,0,0,0,0,0,0,0,0,0,0,0,0,0,0,0,0,0,5,0,0,0,0,0,0,0,0,0,0,0,0,0,0,0,0,0,0,0,0,0,0,0,0,0,0,0,0,1301
199,0,0,0,0,0,0,0,0,0,0,0,0,0,0,0,1,0,0,0,0,0,4,0,0,0,0,0,0,0,0,0,0,0,0,0,0,0,0,0,0,0,0,0,0,0,0,0,0,0,0,1301
200,1,1,0,0,6,0,0,0,7,0,0,1,0,0,3,0,0,2,0,2,0,0,0,1,0,0,0,0,1,0,0,0,0,0,1,1,1,0,0,0,0,0,0,0,0,2,0,0,0,0,1301
201,0,0,1,0,0,0,0,0,0,0,0,0,0,0,0,0,0,0,0,0,0,0,1,0,1,0,0,0,0,0,0,0,0,0,0,0,0,0,0,0,0,0,0,0,0,0,1,0,0,0,1301
202,0,0,0,0,5,2,1,2,4,0,1,0,1,1,3,1,1,0,0,4,1,0,0,1,0,0,1,2,0,0,1,0,1,2,0,1,0,0,1,1,1,0,1,1,0,0,0,2,0,1,1301
203,0,0,0,0,2,0,0,1,3,1,0,1,0,1,1,0,0,0,0,0,0,0,0,0,0,0,0,1,0,1,0,0,0,0,0,0,0,0,0,0,0,0,0,0,2,0,0,1,0,0,1301
204,0,0,0,0,3,1,0,0,5,0,0,0,0,1,2,0,0,0,0,0,0,0,0,0,0,0,0,0,1,0,0,0,0,0,0,1,0,0,0,0,0,0,0,0,0,0,0,0,0,0,1301
205,1,2,0,0,7,2,1,2,4,0,1,0,1,1,1,1,1,0,0,1,2,0,0,1,0,0,1,2,0,0,1,0,1,2,0,1,0,0,1,1,2,0,1,1,2,0,0,2,0,1,1301
206,0,0,0,1,0,0,0,0,0,0,0,0,0,0,0,0,0,0,0,0,0,0,0,0,0,0,0,0,0,0,0,0,0,0,0,0,0,0,0,0,0,0,0,0,0,0,0,0,0,0,1301
207,0,0,0,0,5,2,1,0,4,0,1,0,1,1,3,1,1,0,2,2,0,0,0,1,0,0,1,2,0,0,1,0,1,2,0,1,0,1,1,1,0,0,1,1,0,0,0,0,0,0,1301
208,0,0,0,0,0,0,0,0,0,0,0,0,0,0,0,0,0,0,0,2,0,1,0,0,0,0,0,0,1,0,0,0,0,0,0,0,0,0,0,0,0,1,0,0,0,0,0,0,0,0,1301
209,4,0,0,0,9,0,1,2,6,0,1,0,1,1,1,1,1,1,0,0,4,0,0,1,0,0,1,2,0,0,1,0,1,0,0,1,0,1,1,1,5,1,1,1,1,1,0,1,0,1,1301
210,0,0,0,2,0,0,0,0,0,0,0,0,0,0,0,0,0,0,0,0,0,0,0,0,0,0,0,0,0,0,0,0,0,0,0,0,0,0,0,0,0,0,0,0,0,0,0,0,0,0,1301
211,0,0,0,0,0,0,0,0,0,0,0,0,0,0,0,0,0,0,0,0,0,0,0,0,0,0,0,0,0,0,0,0,0,0,0,0,0,0,0,0,0,0,0,0,0,0,0,0,0,0,1301
212,0,0,0,0,9,0,1,2,6,0,1,0,1,1,0,1,1,1,0,0,1,0,0,1,0,0,1,2,0,0,1,0,1,0,0,1,0,1,1,1,2,0,1,1,1,2,0,2,0,1,1301
213,0,0,0,0,7,0,0,0,5,0,0,0,1,1,0,1,1,0,0,2,0,0,0,1,0,0,1,1,1,0,1,1,1,0,0,1,0,0,0,0,0,1,1,0,0,0,0,0,0,0,1301
214,0,0,0,0,0,0,0,0,0,0,0,0,0,0,0,0,0,0,0,0,0,0,0,0,0,0,0,0,0,0,0,0,0,0,0,0,0,0,0,0,0,0,0,0,0,0,0,0,0,0,1301
215,0,0,0,2,0,0,0,0,0,0,0,1,0,0,0,0,0,0,0,0,0,0,0,0,1,0,0,0,0,0,0,0,0,0,0,0,0,0,0,0,0,0,0,0,0,0,0,0,0,0,1301
216,2,0,0,0,9,0,1,2,4,2,1,0,1,1,1,1,1,0,0,0,3,0,0,1,0,0,1,2,0,0,1,4,1,0,0,1,0,1,1,1,3,0,1,1,0,0,0,2,0,1,1301
217,0,0,0,0,7,0,1,1,4,0,1,0,1,1,0,1,1,0,0,2,1,0,0,1,0,0,1,2,0,0,1,2,1,0,0,1,0,1,1,1,2,0,1,1,0,0,0,2,0,1,1301
218,0,0,0,0,4,0,0,2,3,1,0,1,0,1,1,0,0,0,0,0,0,0,0,0,0,0,0,1,0,1,0,0,0,0,0,0,0,0,0,0,0,0,0,0,2,0,0,2,0,0,1301
219,1,0,2,0,4,0,1,0,4,2,1,0,1,1,1,1,1,0,0,0,0,0,0,1,0,2,1,2,0,0,1,0,2,0,1,1,1,1,1,1,0,1,1,1,0,0,0,1,1,2,1301
220,1,2,0,0,7,2,1,2,4,0,1,0,1,1,1,1,1,0,0,1,2,0,0,1,0,0,1,2,0,0,1,0,1,2,0,1,0,0,1,1,2,0,1,1,2,0,0,2,0,1,1301
221,0,0,0,0,0,0,0,0,0,0,0,0,0,0,0,0,0,0,0,0,0,1,0,0,0,0,0,0,0,0,0,0,0,0,0,0,0,0,0,0,0,0,0,0,0,0,0,0,0,0,1301
222,0,0,0,2,0,0,0,0,0,0,0,0,0,0,0,0,0,0,0,0,0,0,0,0,0,0,0,0,0,0,0,0,0,0,0,0,0,0,0,0,0,0,0,0,0,0,2,0,0,0,1301
223,0,2,0,0,6,1,1,2,4,0,1,0,1,1,1,1,1,0,0,1,1,0,0,1,0,1,1,2,0,0,1,0,1,1,2,1,1,1,1,1,0,1,1,1,2,0,0,0,1,1,1301
224,0,1,0,0,7,0,1,2,4,0,1,0,1,1,1,1,1,0,0,2,0,0,0,1,0,1,1,2,0,0,1,0,1,0,0,2,1,1,1,1,0,1,1,1,2,0,0,0,1,1,1301
225,0,0,0,0,2,0,0,1,3,1,0,1,0,1,1,0,0,0,0,0,0,0,0,0,0,0,0,1,0,1,0,0,0,0,0,0,0,0,0,0,0,0,0,0,2,0,0,0,0,0,1301
226,0,0,0,0,0,0,0,0,0,0,0,0,0,0,0,0,0,0,0,0,0,0,1,0,1,0,0,0,0,0,0,0,0,0,0,2,0,0,0,0,0,0,0,0,0,0,0,0,0,0,1301
227,0,0,0,0,0,0,0,0,0,0,0,0,0,0,0,0,0,0,0,0,0,8,0,0,0,0,0,0,0,0,0,0,0,0,0,0,0,0,0,0,0,0,0,0,0,0,0,0,0,0,1301
228,0,0,0,0,0,0,0,0,0,0,0,0,0,0,0,0,0,0,0,0,0,0,0,0,0,0,0,0,0,0,0,0,0,0,0,0,0,0,0,0,0,0,0,0,0,0,0,0,0,0,1301
229,0,0,0,0,0,0,0,0,0,0,0,0,0,0,0,0,0,0,0,0,0,1,0,0,0,0,0,0,0,0,0,0,0,0,0,0,0,0,0,0,0,0,0,0,0,0,0,0,0,0,1301
230,0,0,0,0,0,0,0,0,0,0,0,0,0,0,0,0,0,0,0,0,0,2,0,0,0,0,0,0,0,0,0,0,0,0,0,0,0,0,0,0,0,0,0,0,0,0,0,0,0,0,1301
231,0,0,0,0,7,0,1,1,3,3,0,1,1,1,1,0,0,0,0,0,0,0,0,0,0,0,0,1,0,0,0,0,0,0,0,0,1,1,1,1,0,0,0,1,2,0,0,0,1,0,1301
232,0,0,0,0,0,0,0,0,0,0,0,0,0,0,0,0,1,0,0,0,0,4,0,0,2,0,0,0,0,0,0,0,0,0,0,0,0,0,0,0,0,0,0,0,0,0,0,0,0,0,1301
233,0,0,0,0,0,0,0,0,0,0,0,0,0,0,0,0,0,0,0,0,0,0,0,0,0,0,0,0,0,0,0,0,0,0,0,0,0,0,0,0,0,0,0,0,0,0,0,0,0,0,1301
234,0,0,0,0,0,0,0,0,3,0,0,1,0,1,0,0,0,0,0,5,0,0,0,0,0,0,0,0,1,1,0,0,0,0,0,0,0,0,0,0,0,0,0,0,0,0,0,0,0,0,1301
235,0,0,0,0,4,0,0,2,3,1,0,1,0,1,1,0,0,0,0,0,0,0,0,0,0,0,0,1,0,1,0,0,0,0,0,0,0,0,0,0,0,0,0,0,2,0,0,2,0,0,1301
236,0,0,0,0,0,0,0,0,0,0,0,0,0,0,0,0,0,0,0,0,0,0,0,0,0,0,0,0,0,0,0,0,0,0,0,0,0,0,0,0,0,0,0,0,0,0,0,0,0,0,1301
237,0,0,0,0,0,0,0,0,0,0,0,0,0,0,0,0,0,0,0,0,0,0,0,0,0,0,0,0,0,0,0,0,0,0,0,0,0,0,0,0,0,0,0,0,0,0,1,0,0,0,1301
238,0,0,0,2,0,0,0,0,0,0,0,0,0,0,0,0,0,0,0,0,0,0,0,0,0,0,0,0,0,0,0,0,0,0,0,0,0,0,0,0,0,0,0,0,0,0,0,0,0,0,1301
239,0,0,0,0,0,0,0,0,0,0,0,0,0,0,0,0,0,0,3,0,0,0,0,0,0,0,0,0,0,0,0,0,0,0,0,0,0,0,0,0,0,0,0,0,0,0,0,0,0,0,1301
240,0,0,0,0,0,0,0,0,0,0,0,0,0,0,0,0,0,0,0,0,0,0,0,0,0,0,0,0,0,0,0,0,0,0,0,0,0,0,0,0,0,0,0,0,0,0,0,0,0,0,1301
241,0,0,0,0,0,0,0,0,0,0,0,0,0,0,0,0,0,0,0,0,0,0,0,0,2,0,0,0,0,0,0,0,0,0,0,0,0,0,0,0,0,0,0,0,0,0,0,0,0,0,1301
242,0,0,0,0,6,1,1,0,3,0,1,0,1,1,1,1,1,0,0,3,1,0,0,1,0,1,1,2,0,0,1,0,1,1,0,1,1,1,1,1,0,1,1,1,0,0,0,0,1,0,1301
243,0,0,0,0,0,0,0,0,0,0,0,1,0,0,0,0,0,0,0,0,0,0,0,0,0,0,0,0,0,0,0,0,0,0,0,0,0,0,0,0,0,0,0,0,0,0,0,0,0,0,1301
244,0,0,0,0,0,0,0,0,0,0,0,0,0,0,0,0,0,0,0,0,0,0,0,0,0,0,0,0,0,0,0,0,0,0,0,0,0,0,0,0,0,0,0,0,0,0,0,0,0,0,1301
245,0,0,0,3,0,0,0,0,0,0,0,0,0,0,0,0,0,0,0,0,0,0,0,0,2,0,0,0,0,0,0,0,0,0,0,0,0,0,0,0,0,0,0,0,0,0,0,0,0,0,1301
246,0,0,0,1,0,0,0,0,0,0,0,0,0,0,0,0,0,0,0,0,0,0,0,0,0,0,0,0,0,0,0,0,0,0,0,0,0,0,0,0,0,0,0,0,0,0,0,0,0,0,1301
247,0,0,0,0,4,0,1,0,4,0,1,0,1,1,0,1,1,0,0,2,1,0,0,1,0,1,1,2,0,0,1,0,1,1,0,3,1,1,1,1,0,0,1,1,0,0,0,1,1,1,1301
248,0,0,0,0,8,0,1,2,6,0,1,0,1,1,1,1,1,1,0,1,1,0,0,1,0,0,1,2,0,0,1,0,1,0,0,1,0,1,1,1,2,0,1,1,0,2,0,2,0,1,1301
249,0,0,0,0,0,0,0,0,0,0,0,0,0,0,0,0,0,0,0,0,0,0,0,0,0,0,0,0,0,0,0,0,0,0,0,0,0,0,0,0,0,0,0,0,0,0,0,0,0,0,1301
250,0,0,0,0,4,0,0,0,4,0,0,0,0,0,3,0,0,0,1,6,0,0,0,0,0,0,0,0,1,0,0,0,0,0,0,0,0,1,0,0,0,0,0,1,0,0,0,2,0,0,1301
251,0,0,0,0,0,0,0,0,0,0,0,0,0,0,0,0,0,0,0,0,0,0,0,0,0,0,0,0,0,0,0,0,0,0,0,0,0,0,0,0,0,0,0,0,0,0,0,0,0,0,1301
252,0,0,0,0,1,0,0,0,0,0,0,0,0,0,2,0,0,0,0,2,0,0,0,0,0,0,0,0,0,0,0,0,0,0,0,0,0,0,0,0,0,0,0,0,0,0,0,0,0,0,1301
253,0,0,0,1,0,0,0,0,0,0,0,0,0,0,0,0,0,0,0,0,0,0,0,0,0,0,0,0,0,0,0,0,0,0,0,0,0,0,0,0,0,0,0,0,0,0,0,0,0,0,1301
254,0,0,0,0,6,0,1,0,3,0,0,1,0,0,3,0,0,0,2,2,0,0,0,0,0,1,2,1,1,3,0,0,1,0,0,0,1,0,0,1,0,1,0,1,0,0,0,0,1,0,1301
255,0,2,0,0,6,2,1,2,4,0,1,0,1,1,1,1,1,0,0,1,1,0,0,1,0,1,1,2,0,0,1,0,1,2,2,1,1,1,1,1,0,1,1,1,2,0,0,0,1,0,1301
256,0,0,0,0,0,0,1,0,0,0,1,0,0,0,0,0,0,0,0,0,0,1,0,0,0,0,0,0,0,0,0,0,0,0,0,0,0,0,0,0,0,0,0,0,0,0,0,0,0,0,1301
257,0,0,0,0,0,0,0,0,0,0,0,0,0,0,0,0,0,0,0,0,0,0,0,0,0,0,0,0,0,0,0,0,0,0,0,0,0,0,0,0,0,0,0,0,0,0,0,0,0,0,1301
258,2,0,0,0,8,1,1,2,6,2,1,0,1,1,1,1,1,1,0,0,3,0,0,1,0,0,1,2,0,0,1,0,1,0,0,1,0,1,1,1,4,1,1,1,1,1,0,2,0,1,1301
259,0,1,0,0,5,0,0,0,7,0,0,1,0,0,3,0,0,2,0,2,0,0,0,1,0,0,0,0,1,0,0,0,0,0,1,1,1,0,0,0,0,0,0,0,0,2,0,1,0,0,1301
260,0,0,0,0,0,0,0,0,0,0,0,0,0,0,0,0,0,0,0,0,0,0,0,0,0,0,0,0,0,0,0,0,0,0,0,0,0,0,0,0,0,0,0,0,0,0,0,0,0,0,1301
261,0,0,0,0,6,0,1,2,4,0,1,0,1,1,1,1,1,0,0,0,1,0,0,1,0,1,1,2,0,0,1,0,1,0,0,1,1,1,1,1,2,1,1,1,2,0,0,2,1,1,1301
262,0,0,0,0,0,0,0,0,0,0,0,0,0,0,0,0,0,0,0,0,0,6,0,0,0,2,2,0,0,0,0,0,0,0,0,0,0,0,0,0,0,0,0,0,0,0,0,0,0,0,1301
263,0,2,0,0,8,1,1,2,4,0,1,0,1,1,1,1,1,0,0,1,0,0,0,1,0,1,1,2,0,0,1,0,1,1,0,2,1,1,1,1,0,1,1,1,1,0,0,0,1,1,1301
264,0,1,0,0,8,1,1,2,6,0,1,0,1,1,0,1,1,0,0,0,1,0,0,1,0,0,1,2,0,0,1,0,1,0,0,1,0,1,1,1,2,0,1,1,2,2,0,2,0,1,1301
265,0,0,0,0,5,2,1,2,4,0,1,0,1,1,3,1,1,0,0,4,1,0,0,1,0,0,1,2,0,0,1,0,1,2,0,1,0,0,1,1,1,0,1,1,0,0,0,2,0,1,1301
266,0,0,0,0,2,1,0,0,3,0,0,0,0,1,3,0,0,0,0,3,0,0,0,0,0,0,0,0,1,1,0,0,0,2,0,0,0,0,0,0,0,0,0,0,0,0,0,0,0,0,1301
267,0,0,0,0,0,0,0,0,0,0,0,0,0,0,0,0,0,0,0,0,0,0,0,0,0,0,0,0,0,0,0,0,0,0,0,0,0,0,0,0,0,0,0,0,0,0,0,0,0,0,1301
268,0,0,1,0,0,0,0,0,0,0,0,0,0,0,0,0,0,0,0,0,0,0,2,0,0,0,0,0,0,0,0,0,0,0,0,0,0,0,0,0,0,0,0,0,0,0,0,0,0,0,1301
269,0,0,0,0,0,0,0,0,0,0,0,0,0,0,0,0,0,0,0,0,0,0,0,0,0,0,0,0,0,0,0,0,0,0,0,0,0,0,0,0,0,0,0,0,0,0,0,0,0,0,1301
270,0,0,0,0,8,0,1,0,1,0,0,0,0,0,1,0,0,0,0,1,0,0,0,0,0,0,0,1,0,1,0,0,0,0,0,0,1,0,0,0,0,0,0,0,0,0,0,1,0,0,1301
271,0,0,0,0,0,0,0,0,0,0,0,0,0,0,0,0,0,0,4,3,0,9,0,0,3,0,0,0,0,0,0,0,0,0,0,0,0,0,0,0,0,0,0,0,0,0,0,0,0,0,1301
272,0,0,0,1,0,0,0,0,0,0,0,0,0,0,0,0,0,0,0,0,0,0,0,0,0,0,0,0,0,0,0,0,0,0,0,0,0,0,0,0,0,0,0,0,0,0,0,0,0,0,1301
273,0,0,0,0,0,0,0,0,0,0,0,0,0,0,0,0,0,0,0,0,0,0,0,0,0,0,0,0,0,0,0,0,0,0,0,0,0,0,0,0,0,0,0,0,0,0,1,0,0,0,1301
274,0,0,0,0,0,0,0,0,0,0,0,0,0,0,0,0,0,0,0,0,0,4,0,0,0,0,0,0,0,0,0,0,0,0,0,0,0,0,0,0,0,0,0,0,0,0,0,0,0,0,1301
275,0,0,2,0,0,0,0,0,0,0,0,0,0,0,0,0,0,0,0,0,0,0,2,0,0,0,0,0,0,0,0,0,0,0,0,0,0,0,0,0,0,0,0,0,0,0,0,0,0,0,1301
276,0,0,0,0,0,0,0,0,0,0,0,0,0,0,0,0,0,0,0,0,0,0,0,0,0,0,0,0,0,0,0,0,0,0,0,0,0,0,0,0,0,0,0,0,0,0,0,0,0,0,1301
277,0,0,0,0,0,0,0,0,0,0,0,0,0,0,0,0,0,0,0,0,0,0,0,0,0,0,0,0,0,0,0,0,0,0,0,0,0,0,0,0,0,0,0,0,0,0,0,0,0,0,1301
278,0,0,0,1,0,0,0,0,0,0,0,0,0,0,0,0,0,0,0,0,0,0,0,0,0,0,0,0,0,0,0,0,0,0,0,0,0,0,0,0,0,0,0,0,0,0,1,0,0,0,1301
279,0,0,2,0,0,0,0,2,5,0,0,0,0,1,1,0,0,0,2,0,0,0,0,0,0,0,0,0,1,0,0,0,0,0,0,0,0,0,0,0,0,0,0,1,0,0,0,2,0,0,1301
280,0,0,0,0,0,0,0,0,0,0,0,1,0,0,0,0,0,0,0,0,0,0,0,0,0,0,0,0,0,0,0,0,0,0,0,0,0,0,0,0,0,0,0,0,0,0,0,0,0,0,1301
281,0,0,0,1,0,0,0,0,0,0,0,0,0,0,0,0,0,0,0,0,0,0,0,0,0,0,0,0,0,0,0,0,0,0,0,0,0,0,0,0,0,0,0,0,0,0,0,0,0,0,1301
282,0,0,0,0,4,0,0,2,3,1,0,1,0,1,1,0,0,0,0,0,0,0,0,0,0,0,0,0,1,1,0,0,0,0,0,0,0,0,0,0,0,0,0,0,2,0,0,2,0,0,1301
283,0,0,0,0,0,0,0,0,0,0,0,0,0,0,0,0,0,0,0,0,0,0,0,0,1,0,0,0,0,0,0,0,0,0,0,0,0,0,0,0,0,0,0,0,0,0,0,0,0,0,1301
284,0,1,0,0,7,0,1,2,4,0,1,0,1,1,1,1,1,0,0,2,1,0,0,1,0,1,1,2,0,0,1,0,1,0,0,1,1,1,1,1,0,1,1,1,2,0,0,0,1,0,1301
285,0,0,0,0,5,2,1,0,4,0,1,0,1,1,3,1,1,0,2,2,0,0,0,1,0,0,1,2,0,0,1,0,1,2,0,1,0,0,1,1,0,0,1,1,0,0,0,0,0,0,1301
286,0,0,0,0,9,0,1,0,6,0,1,0,1,1,0,1,1,0,0,0,0,0,0,1,0,1,1,2,0,0,1,2,1,0,0,1,1,0,1,1,0,1,1,1,1,0,0,0,1,0,1301
287,0,0,0,0,4,0,0,0,5,0,1,0,3,1,0,1,1,0,1,1,1,0,0,1,0,0,1,1,1,0,1,1,1,0,0,1,0,0,0,0,2,1,1,0,0,0,0,2,0,1,1301
288,0,0,0,0,0,0,0,0,0,0,0,0,0,0,0,0,0,0,0,0,0,0,0,0,0,0,0,0,0,0,0,0,0,0,0,0,0,0,0,0,0,0,0,0,0,0,0,0,0,0,1301
289,0,0,0,0,9,0,1,0,6,0,1,0,1,1,0,1,1,0,0,0,0,0,0,1,0,1,1,2,0,0,1,2,1,0,0,1,1,0,1,1,0,1,1,1,1,0,0,0,1,0,1301
290,0,0,0,0,5,2,1,0,4,0,1,0,1,1,3,1,1,0,2,2,0,0,0,1,0,0,1,2,0,0,1,0,1,2,0,1,0,1,1,1,0,0,1,1,0,0,0,0,0,0,1301
291,0,1,0,0,2,0,0,2,3,0,0,0,0,1,3,0,0,0,0,0,0,0,0,0,0,0,0,0,1,0,0,0,0,0,0,1,1,0,0,0,0,0,0,0,0,0,0,0,0,0,1301
292,4,0,0,0,9,0,1,2,6,0,1,0,1,1,1,1,1,0,0,0,3,0,0,1,0,0,1,2,0,0,1,2,1,0,0,1,0,1,1,1,5,1,1,1,1,1,0,1,0,2,1301
293,0,0,0,0,0,0,0,0,0,0,0,0,0,0,0,0,0,0,0,0,0,0,0,0,0,0,0,0,0,0,0,0,0,0,0,0,0,0,0,0,0,0,0,0,0,0,0,0,0,0,1301
294,0,0,0,0,4,0,0,2,3,1,0,1,0,1,1,0,0,0,0,0,0,0,0,0,0,0,0,1,0,1,0,0,0,0,0,0,0,0,0,0,0,0,0,0,2,0,0,2,0,0,1301
295,0,0,0,0,0,0,0,0,0,0,0,0,0,0,0,0,0,0,0,0,0,0,0,0,0,0,0,0,0,0,0,0,0,0,0,0,0,0,0,0,0,0,0,0,0,0,0,0,0,0,1301
296,0,0,0,0,4,0,0,0,4,0,0,0,0,0,3,0,0,0,1,6,0,0,0,0,0,0,0,0,1,0,0,0,0,0,0,0,0,1,0,0,0,0,0,1,0,0,0,2,0,0,1301
297,0,0,0,0,3,1,0,0,5,0,0,0,0,1,2,0,0,0,0,0,0,0,0,0,0,0,0,0,0,0,0,0,0,0,0,1,0,0,0,0,0,0,0,0,0,0,0,0,0,0,1301
298,0,0,0,0,0,0,0,0,0,0,0,0,0,0,0,0,0,0,0,0,0,0,0,0,0,0,0,0,0,0,0,0,0,0,0,0,0,0,0,0,0,0,0,0,0,0,0,0,0,0,1301
299,0,0,0,1,0,0,0,0,0,0,0,0,0,0,0,0,0,0,0,0,0,0,0,0,0,0,0,0,0,0,0,0,0,0,0,0,0,0,0,0,0,0,0,0,0,0,0,0,0,0,1301
300,0,0,0,0,4,2,0,3,3,0,0,0,0,0,1,0,0,2,0,0,0,0,0,0,0,0,0,0,1,0,0,0,0,0,2,1,0,0,0,0,0,0,0,1,0,0,0,2,0,0,1301
301,0,0,0,0,2,0,0,0,4,0,0,1,0,1,1,0,0,0,1,0,0,0,0,0,0,0,0,0,1,1,0,0,0,0,0,0,0,0,0,0,0,0,0,0,0,0,0,2,0,0,1301
302,0,0,0,0,0,0,0,0,0,0,0,0,0,1,0,0,0,0,0,0,0,8,0,0,2,0,0,0,0,0,0,0,0,0,0,0,0,0,0,0,0,0,0,0,0,0,0,0,0,0,1301
303,0,0,2,0,6,2,1,1,4,0,2,1,0,2,0,1,0,1,0,0,0,0,0,0,0,0,1,1,0,0,0,0,1,0,0,2,1,0,0,0,0,0,0,1,0,1,0,0,1,1,1301
304,0,0,0,0,0,0,0,0,0,0,0,0,0,0,0,0,0,0,0,0,0,1,0,0,0,0,0,0,0,0,0,0,0,0,0,0,0,0,0,0,0,0,0,0,0,0,0,0,0,0,1301
305,0,0,0,0,0,0,0,0,0,0,0,0,0,0,0,0,0,0,0,0,0,1,0,0,1,0,0,0,0,0,0,0,0,0,0,0,0,0,0,0,0,0,0,0,0,0,0,0,0,0,1301
306,0,0,0,0,5,2,1,2,4,0,1,0,1,1,3,1,1,0,0,4,1,0,0,1,0,0,1,2,0,0,1,0,1,2,0,1,0,0,1,1,1,0,1,1,0,0,0,2,0,1,1301
307,0,0,0,0,0,0,0,0,0,0,0,0,0,0,0,0,0,0,0,0,0,0,0,0,0,0,0,0,0,0,0,0,0,0,0,0,0,0,0,0,0,0,0,0,0,0,0,0,0,0,1301
308,0,0,0,0,3,1,0,0,5,0,0,0,0,1,2,0,0,0,0,0,0,0,0,0,0,0,0,0,1,0,0,0,0,0,0,1,0,0,0,0,0,0,0,0,0,0,0,0,0,0,1301
309,0,0,0,0,4,0,1,0,3,0,0,0,0,0,2,0,0,0,2,5,0,0,0,0,0,0,0,1,0,1,0,0,0,0,0,0,1,0,0,0,0,0,0,0,0,0,0,1,0,0,1301
310,0,0,0,0,3,0,1,0,6,0,0,0,0,1,4,0,0,0,0,6,0,0,0,0,0,0,0,0,1,1,0,0,0,0,0,0,0,0,0,0,0,0,0,0,0,0,0,0,0,0,1301
311,0,0,0,0,0,0,0,0,0,0,0,0,0,0,0,0,0,0,0,0,0,0,0,0,0,0,0,0,0,0,0,0,0,0,0,0,0,0,0,0,0,0,0,0,0,0,0,0,0,0,1301
312,0,0,0,0,2,0,0,1,3,1,0,1,0,1,1,0,0,0,0,0,0,0,0,0,0,0,0,1,0,1,0,0,0,0,0,0,0,0,0,0,0,0,0,0,2,0,0,1,0,0,1301
313,0,0,0,1,0,0,0,0,0,0,0,0,0,0,0,0,0,0,0,0,0,0,0,0,0,0,0,0,0,0,0,0,0,0,0,0,0,0,0,0,0,0,0,0,0,0,0,0,0,0,1301
314,0,0,1,0,1,0,0,0,4,0,0,0,4,0,0,0,0,1,0,2,0,0,0,0,0,1,0,0,0,0,0,0,0,0,0,0,1,0,0,0,0,0,0,1,0,0,0,0,1,0,1301
315,0,0,0,0,7,0,1,0,5,0,2,0,0,2,0,2,1,1,0,2,2,0,0,0,0,1,1,1,0,1,0,0,1,0,0,2,1,0,0,0,3,0,0,1,0,0,0,3,0,1,1301
316,0,0,0,0,0,0,2,1,3,0,0,0,0,0,0,0,0,0,0,1,0,0,0,0,0,0,0,0,1,0,0,4,0,0,0,0,0,0,0,0,0,0,0,0,0,0,0,0,0,0,1301
317,0,0,2,0,0,0,0,0,0,0,0,0,0,0,0,0,0,0,0,0,0,0,2,0,1,0,1,0,0,0,0,0,0,0,0,0,0,0,0,0,0,0,0,0,0,0,0,0,0,0,1301
318,0,0,1,0,1,0,0,0,4,0,0,0,4,0,0,0,0,1,0,2,0,0,0,0,0,1,0,0,0,0,0,0,0,0,0,0,1,0,0,0,0,0,0,1,0,0,0,0,1,0,1301
319,0,0,0,0,0,0,0,0,0,0,0,0,0,0,0,0,0,0,0,0,0,10,0,0,0,0,0,0,0,0,0,0,0,0,0,0,0,0,0,0,0,0,0,0,0,0,0,0,0,0,1301
320,0,0,0,0,2,0,0,2,3,0,0,0,0,0,3,0,0,1,2,1,0,0,0,0,0,0,0,0,1,0,0,0,0,0,0,0,0,0,0,0,0,0,0,1,0,0,0,3,0,0,1301
321,0,0,0,1,0,0,0,0,0,0,0,0,0,0,0,0,0,0,0,0,0,0,0,0,0,0,0,0,0,0,0,0,0,0,0,0,0,0,0,0,0,0,0,0,0,0,1,0,0,0,1301
322,0,0,0,0,2,0,0,1,3,1,0,1,0,1,1,0,0,0,0,0,0,0,0,0,0,0,0,1,0,1,0,0,0,0,0,0,0,0,0,0,0,0,0,0,2,0,0,1,0,0,1301
323,0,1,0,0,5,0,0,0,7,0,0,1,0,0,3,0,0,2,0,2,0,0,0,1,0,0,0,0,1,0,0,0,0,0,1,1,1,0,0,0,0,0,0,0,0,2,0,1,0,0,1301
324,0,0,1,0,0,0,0,0,0,0,0,0,0,0,0,0,0,0,0,0,0,0,1,0,0,0,0,0,0,0,0,0,0,0,0,0,0,0,0,0,0,0,0,0,0,0,0,0,0,0,1301
325,0,0,0,0,4,0,0,2,3,1,0,1,0,1,1,0,0,0,0,0,0,0,0,0,0,0,0,1,0,1,0,0,0,0,0,0,0,0,0,0,0,0,0,0,2,0,0,2,0,0,1301
326,0,0,0,0,0,0,0,0,0,0,0,0,0,0,0,0,0,0,0,0,0,0,0,0,0,0,0,0,0,0,0,0,0,0,0,0,0,0,0,0,0,0,0,0,0,0,0,0,0,0,1301
327,0,0,0,0,0,0,0,0,0,0,0,0,0,0,0,0,0,0,0,0,0,6,0,0,3,0,0,0,0,0,0,0,0,0,0,0,0,0,0,0,0,0,0,0,0,0,0,0,0,0,1301
328,0,0,0,0,7,0,0,0,5,0,0,0,1,1,0,1,1,0,0,2,0,0,0,1,0,0,1,1,1,0,1,1,1,0,0,1,0,0,0,0,0,1,1,0,0,0,0,0,0,0,1301
329,0,1,0,0,6,2,1,1,5,0,1,0,1,1,1,1,1,1,0,0,1,0,0,1,0,1,1,2,0,0,1,0,1,1,2,1,1,1,1,1,0,1,1,1,1,1,0,2,1,1,1301
330,0,2,0,0,6,1,1,2,4,0,1,0,1,1,1,1,1,0,0,1,1,0,0,1,0,1,1,2,0,0,1,0,1,1,2,1,1,1,1,1,0,1,1,1,2,0,0,0,1,1,1301
331,0,0,1,0,0,0,0,0,0,0,0,1,0,0,0,0,0,0,0,0,0,0,2,0,0,0,0,0,0,0,0,0,0,0,0,1,0,0,0,0,0,0,0,0,0,0,0,0,0,0,1301
332,1,1,0,0,6,0,0,0,7,0,0,1,0,0,3,0,0,2,0,2,0,0,0,1,0,0,0,0,1,0,0,0,0,0,1,1,1,0,0,0,0,0,0,0,0,2,0,0,0,0,1301
333,0,0,0,0,0,0,0,0,0,0,0,0,0,0,0,0,0,0,0,0,0,3,0,0,1,0,0,0,0,0,0,0,0,0,0,0,0,0,0,0,0,0,0,0,0,0,0,0,0,0,1301
334,0,0,0,0,7,0,1,1,4,1,1,0,1,1,1,1,1,0,0,2,0,0,0,1,0,0,1,2,0,0,1,0,1,0,0,2,0,1,1,1,0,0,1,1,2,0,0,0,0,0,1301
335,0,0,1,0,0,0,0,0,0,0,0,0,0,0,0,0,0,0,0,0,0,0,2,0,1,0,1,0,0,0,0,0,0,0,0,1,0,0,0,0,0,0,0,0,0,0,0,0,0,0,1301
336,0,0,0,0,1,1,0,0,4,0,0,0,0,1,3,0,0,0,0,0,0,0,0,0,0,0,0,0,1,0,0,0,0,2,0,0,0,0,0,0,0,0,0,1,0,0,0,0,0,0,1301
337,0,0,0,0,2,0,0,0,3,0,1,0,0,1,3,0,0,1,0,2,0,0,0,0,0,0,0,0,1,0,0,0,0,2,0,1,0,0,0,0,0,0,0,1,0,0,0,0,0,0,1301
338,0,0,0,0,0,0,0,0,0,0,0,0,0,0,0,0,0,0,0,0,0,0,0,0,0,0,0,0,0,0,0,0,0,0,0,0,0,0,0,0,0,0,0,0,0,0,0,0,0,0,1301
339,0,0,0,0,8,0,1,0,6,0,1,0,1,1,1,1,1,0,0,0,0,0,0,1,0,1,1,2,0,0,1,2,1,0,0,1,1,1,1,1,0,1,1,1,1,0,0,0,1,0,1301
340,0,0,0,2,0,0,0,0,0,0,0,0,0,0,0,0,0,0,0,0,0,0,0,0,0,0,0,0,0,0,0,0,0,0,0,0,0,0,0,0,0,0,0,0,0,0,0,0,0,0,1301
341,0,0,0,0,3,0,1,2,6,0,0,0,1,0,3,0,0,0,3,2,0,0,0,0,0,0,0,0,0,1,0,0,0,0,0,0,0,0,0,0,0,0,0,0,0,0,0,0,0,0,1301
342,0,0,0,0,7,1,1,0,4,0,1,0,1,1,0,1,1,0,0,2,1,0,0,1,0,1,1,2,0,0,1,0,1,0,0,3,1,1,1,1,0,1,1,1,0,0,0,0,1,1,1301
343,0,2,0,0,8,0,1,2,4,0,1,0,1,1,1,1,1,0,0,0,1,0,0,1,0,1,1,2,0,0,1,0,1,0,0,1,1,1,1,1,2,1,1,1,2,0,0,2,1,1,1301
344,0,0,0,0,5,2,1,0,4,0,1,0,1,1,3,1,1,0,2,2,0,0,0,1,0,0,1,2,0,0,1,0,1,2,0,1,0,0,1,1,0,0,1,1,0,0,0,0,0,0,1301
345,0,0,0,0,5,2,1,0,3,0,1,0,1,1,3,1,1,0,0,2,1,0,0,1,0,1,1,2,0,0,1,0,1,2,0,1,1,1,1,1,0,1,1,1,0,0,0,0,1,0,1301
346,0,0,2,0,0,0,0,0,0,0,0,0,0,0,0,0,0,0,0,0,0,0,2,0,0,0,0,0,0,0,0,0,0,0,0,0,0,0,0,0,0,0,0,0,0,0,0,0,0,0,1301
347,1,2,0,0,7,2,1,2,4,0,1,0,1,1,1,1,1,0,0,1,2,0,0,1,0,0,1,2,0,0,1,0,1,2,0,1,0,0,1,1,2,0,1,1,2,0,0,2,0,1,1301
348,0,0,0,1,0,0,0,0,0,0,0,0,0,0,0,0,0,0,0,0,0,0,0,0,0,0,0,0,0,0,0,0,0,0,0,0,0,0,0,0,0,0,0,0,0,0,0,0,0,0,1301
349,0,0,1,0,0,0,0,0,0,0,0,0,0,0,0,0,0,0,0,0,0,0,2,0,0,0,0,0,0,0,0,0,0,0,0,0,0,0,0,0,0,0,0,0,0,0,0,0,0,0,1301
350,0,0,0,0,0,0,0,0,0,0,0,0,0,0,0,0,0,0,0,0,0,0,0,0,0,0,0,0,0,0,0,0,0,0,0,0,0,0,0,0,0,0,0,0,0,0,0,0,0,0,1301
351,0,0,0,0,4,0,1,0,1,0,0,0,0,0,3,1,0,0,0,7,0,0,0,0,0,0,0,0,1,1,0,0,0,0,0,0,0,1,0,0,0,1,0,0,0,0,0,0,0,0,1301
352,0,0,0,0,3,0,0,0,5,0,0,0,0,0,3,0,0,1,0,2,0,0,0,0,0,0,0,0,1,0,0,0,0,0,0,0,0,0,0,0,0,0,0,1,0,2,0,0,0,0,1301
353,0,0,0,0,0,0,0,0,0,0,0,0,0,0,0,0,0,0,0,0,0,0,0,0,0,0,0,0,0,0,0,0,0,0,0,0,0,0,0,0,0,0,0,0,0,0,0,0,0,0,1301
354,0,0,2,0,0,0,0,0,0,0,0,0,0,0,0,0,0,0,0,0,0,0,0,0,0,0,0,0,0,0,0,0,0,0,0,0,0,0,0,0,0,0,0,0,0,0,0,0,0,0,1301
355,0,0,0,0,5,2,1,0,6,0,1,0,1,1,1,1,1,0,0,2,1,0,0,1,0,1,1,2,0,0,1,0,1,0,0,2,1,1,1,1,0,1,1,1,2,0,0,0,1,0,1301
356,0,0,0,0,0,0,0,0,0,0,0,0,0,0,0,0,0,0,0,0,0,2,0,0,0,0,0,0,0,0,0,0,0,0,0,0,0,0,0,0,0,0,0,0,0,0,0,0,0,0,1301
357,4,0,0,0,9,0,1,2,6,0,1,0,1,1,1,1,1,0,0,0,3,0,0,1,0,0,1,2,0,0,1,2,1,0,0,1,0,1,1,1,5,1,1,1,1,1,0,1,0,2,1301
358,0,1,0,0,8,0,1,2,6,0,1,0,1,1,0,1,1,0,0,0,0,0,0,1,0,1,1,2,0,0,1,0,1,0,0,1,1,1,1,1,0,1,1,1,2,2,0,4,1,3,1301
359,0,0,0,0,0,0,0,0,0,0,0,0,0,0,0,0,0,0,0,0,0,0,0,0,0,0,0,0,0,0,0,0,0,0,0,0,0,0,0,0,0,0,0,0,0,0,0,0,0,0,1301
360,0,0,0,0,0,0,0,0,0,0,0,0,0,0,0,0,0,0,0,0,0,0,0,0,0,0,0,0,0,0,0,0,0,0,0,0,0,0,0,0,0,0,0,0,0,0,0,0,0,0,1301
361,0,0,0,1,0,0,0,0,0,0,0,0,0,0,0,0,0,0,0,0,0,0,0,0,0,0,0,0,0,0,0,0,0,0,0,0,0,0,0,0,0,0,0,0,0,0,0,0,0,0,1301
362,0,0,0,0,4,0,0,2,3,1,0,1,0,1,1,0,0,0,0,0,0,0,0,0,0,0,0,1,0,1,0,0,0,0,0,0,0,0,0,0,0,0,0,0,2,0,0,2,0,0,1301
363,0,0,0,0,5,0,1,0,0,0,0,1,0,0,1,0,0,0,1,0,1,0,0,0,0,1,2,1,1,1,0,0,1,0,0,0,1,0,0,1,0,1,0,1,0,0,0,2,1,1,1301
364,0,0,1,0,0,0,0,0,0,0,0,0,0,0,0,0,0,0,0,0,0,0,1,0,0,0,0,0,0,0,0,0,0,0,0,0,0,0,0,0,0,0,0,0,0,0,0,0,0,0,1301
365,0,0,0,0,4,0,1,0,3,0,0,0,0,0,2,0,0,0,2,5,0,0,0,0,0,0,0,1,0,1,0,0,0,0,0,0,1,0,0,0,0,0,0,0,0,0,0,1,0,0,1301
366,0,0,0,0,2,0,0,1,3,1,0,1,0,1,1,0,0,0,0,0,0,0,0,0,0,0,0,1,0,1,0,0,0,0,0,0,0,0,0,0,0,0,0,0,2,0,0,1,0,0,1301
367,0,2,0,0,8,0,1,2,4,0,1,0,1,1,1,1,1,0,0,0,1,0,0,1,0,1,1,2,0,0,1,0,1,0,0,1,1,1,1,1,2,1,1,1,2,0,0,2,1,1,1301
368,0,0,2,0,0,0,0,0,0,0,0,0,0,0,0,0,0,0,0,0,0,0,2,0,0,0,0,0,0,0,0,0,0,0,0,0,0,0,0,0,0,0,0,0,0,0,0,0,0,0,1301
369,0,0,0,2,0,0,0,0,0,0,0,0,0,0,0,0,0,0,0,0,0,0,0,0,0,0,0,0,0,0,0,0,0,0,0,0,0,0,0,0,0,0,0,0,0,0,0,0,0,0,1301
370,0,0,0,0,0,0,0,0,0,0,0,0,0,0,0,0,0,0,0,0,0,0,0,0,0,0,0,0,0,0,0,0,0,0,0,0,0,0,0,0,0,0,0,0,0,0,0,0,0,0,1301
371,0,0,0,0,0,0,0,0,0,0,0,0,0,0,0,0,0,0,0,0,0,0,0,0,2,0,0,0,0,0,0,0,0,0,0,0,0,0,0,0,0,0,0,0,0,0,0,0,0,0,1301
372,0,0,0,0,0,0,0,0,0,0,0,0,0,0,0,0,0,0,0,0,0,1,0,0,0,0,0,0,0,0,0,0,0,0,0,0,0,0,0,0,0,0,0,0,0,0,0,0,0,0,1301
373,1,0,0,0,2,0,0,0,3,1,0,1,0,1,1,0,0,0,0,0,0,0,0,0,0,0,0,1,0,1,0,0,0,0,0,0,0,0,0,0,0,0,0,0,2,0,0,1,0,0,1301
374,0,0,2,0,0,0,0,0,0,0,0,1,0,0,0,0,0,0,0,1,0,0,2,0,4,0,0,2,0,0,0,0,0,1,0,1,0,0,0,0,0,0,0,0,0,0,0,0,0,0,1301
375,0,0,0,0,6,0,1,2,4,2,1,0,1,1,1,1,1,0,0,0,0,0,0,1,0,1,1,2,0,0,1,0,2,0,1,1,1,1,1,1,0,1,1,1,0,0,0,1,1,1,1301
376,0,0,0,0,2,0,0,1,3,1,0,1,0,1,1,0,0,0,0,0,0,0,0,0,0,0,0,1,0,1,0,0,0,0,0,0,0,0,0,0,0,0,0,0,2,0,0,1,0,0,1301
377,0,0,0,0,3,2,1,0,3,0,0,0,0,0,2,0,0,0,0,5,0,0,0,0,0,0,0,1,0,1,0,0,0,0,0,1,0,0,0,0,0,0,0,0,0,0,0,1,0,0,1301
378,0,0,0,0,0,0,0,0,0,0,0,0,0,0,0,0,0,0,0,0,0,0,0,0,0,0,0,0,0,0,0,0,0,0,0,0,0,0,0,0,0,0,0,0,0,0,0,0,0,0,1301
379,0,1,0,0,5,0,0,0,7,0,0,1,0,0,3,0,0,2,0,2,0,0,0,1,0,0,0,0,1,0,0,0,0,0,1,1,1,0,0,0,0,0,0,0,0,2,0,1,0,0,1301
380,0,0,0,0,0,0,0,0,0,0,0,0,0,0,0,0,0,0,0,0,0,0,0,0,0,0,0,0,0,0,0,0,0,0,0,0,0,0,0,0,0,0,0,0,0,0,0,0,0,0,1301
381,0,0,0,0,0,0,0,0,0,0,0,0,0,0,0,0,0,0,0,0,0,0,0,0,0,0,0,0,0,0,0,0,0,0,0,0,0,0,0,0,0,0,0,0,0,0,0,0,0,0,1301
382,4,0,0,0,9,0,1,2,6,0,1,0,1,1,1,1,1,1,0,0,4,0,0,1,0,0,1,2,0,0,1,0,1,0,0,1,0,1,1,1,5,1,1,1,1,1,0,1,0,1,1301
383,0,0,0,0,2,0,0,1,3,1,0,1,0,1,1,0,0,0,0,0,0,0,0,0,0,0,0,1,0,1,0,0,0,0,0,0,0,0,0,0,0,0,0,0,2,0,0,1,0,0,1301
384,0,0,0,0,5,2,1,0,3,0,1,0,1,1,3,1,1,0,0,2,1,0,0,1,0,1,1,2,0,0,1,0,1,2,0,1,1,1,1,1,0,1,1,1,0,0,0,0,1,0,1301
385,0,0,0,0,7,0,1,0,3,0,1,0,1,1,1,1,1,0,0,4,1,0,0,1,0,1,1,2,0,0,1,1,1,0,0,1,1,1,1,1,0,0,1,1,0,0,0,0,1,0,1301
386,0,0,0,0,0,0,0,0,0,0,0,0,0,0,0,0,0,0,0,0,0,0,0,0,0,0,0,0,0,0,0,0,0,0,0,0,0,0,0,0,0,0,0,0,0,0,0,0,0,0,1301
387,0,0,0,0,0,0,0,0,0,0,0,0,0,0,0,0,0,0,0,0,0,0,0,0,0,0,0,0,0,0,0,0,0,0,0,0,0,0,0,0,0,0,0,0,0,0,0,0,0,0,1301
388,0,0,0,0,0,0,0,0,0,0,0,0,0,0,0,0,0,0,0,0,0,0,0,0,0,0,0,0,0,0,0,0,0,0,0,0,0,0,0,0,0,0,0,0,0,0,0,0,0,0,1301
389,1,0,0,0,7,0,1,2,4,0,0,0,1,1,3,1,1,0,2,2,0,0,0,1,0,0,1,2,0,0,1,0,1,2,0,1,0,0,1,1,1,0,1,1,0,0,0,1,0,2,1301
390,0,0,0,0,5,0,1,0,7,0,0,0,0,0,3,0,0,1,0,3,0,0,0,0,0,0,0,1,0,1,0,0,0,0,1,0,1,0,0,0,0,0,0,0,1,1,0,1,0,0,1301
391,0,0,0,1,0,0,0,0,0,0,0,0,0,0,0,0,0,0,0,0,0,0,0,0,0,0,0,0,0,0,0,0,0,0,0,0,0,0,0,0,0,0,0,0,0,0,0,0,0,0,1301
392,0,0,0,4,0,0,0,0,0,0,0,0,0,0,0,0,0,0,0,0,0,0,0,0,2,0,0,0,0,0,0,0,0,0,0,0,0,0,0,0,0,0,0,0,0,0,0,0,0,0,1301
393,0,0,0,0,2,0,0,1,3,2,0,0,0,1,1,0,0,0,1,2,0,0,0,0,0,0,0,0,0,0,0,0,0,1,0,0,0,0,0,0,0,0,0,0,0,0,0,1,0,0,1301
394,0,0,0,1,0,0,0,0,0,0,0,0,0,0,0,0,0,0,0,0,0,0,0,0,0,0,0,0,0,0,0,0,0,0,0,0,0,0,0,0,0,0,0,0,0,0,0,0,0,0,1301
395,0,2,0,0,5,2,1,2,4,2,1,0,1,1,1,1,1,0,2,0,0,0,0,1,0,1,1,2,0,0,1,0,1,0,0,1,1,1,1,1,0,1,1,1,2,0,0,0,1,1,1301
396,0,0,0,4,0,0,0,0,0,0,0,0,0,1,0,0,0,0,0,0,0,0,0,0,4,0,0,0,0,0,0,0,0,0,0,1,0,0,0,0,0,0,0,0,0,0,9,0,0,0,1301
397,0,0,0,1,0,0,0,0,0,0,0,0,0,0,0,0,0,0,0,0,0,0,0,0,0,0,0,0,0,0,0,0,0,0,0,0,0,0,0,0,0,0,0,0,0,0,0,0,0,0,1301
398,0,0,0,0,6,1,0,0,4,0,0,0,1,1,3,1,1,0,0,2,0,0,0,1,0,0,1,2,0,0,1,0,1,2,1,1,0,1,1,1,0,0,1,1,0,0,0,0,0,0,1301
399,0,1,0,0,5,0,0,0,7,0,0,1,0,0,3,0,0,2,0,2,0,0,0,1,0,0,0,0,1,0,0,0,0,0,1,1,1,0,0,0,0,0,0,0,0,2,0,1,0,0,1301
400,0,0,0,0,4,0,0,0,1,0,0,0,0,0,3,0,0,0,2,0,0,0,0,0,0,0,0,0,1,0,0,0,0,0,0,0,0,0,0,0,0,0,0,1,0,0,0,0,0,0,1301
401,0,0,0,0,0,0,0,0,0,0,0,0,0,0,0,0,0,0,0,0,0,0,0,0,0,0,0,0,0,0,0,0,0,0,0,0,0,0,0,0,0,0,0,0,0,0,0,0,0,0,1301
402,0,0,0,0,4,2,0,3,3,0,0,0,0,0,1,0,0,2,0,0,0,0,0,0,0,0,0,0,1,0,0,0,0,0,2,1,0,0,0,0,0,0,0,1,0,0,0,2,0,0,1301
403,0,0,1,0,3,0,1,0,2,0,0,0,0,0,2,1,0,0,0,6,0,0,0,0,0,0,0,0,1,1,0,0,0,0,0,0,0,1,0,0,0,1,0,0,0,0,0,0,0,0,1301
404,0,0,0,1,0,0,0,0,0,0,0,0,0,0,0,0,0,0,0,0,0,0,0,0,0,0,0,0,0,0,0,0,0,0,0,0,0,0,0,0,0,0,0,0,0,0,0,0,0,0,1301
405,0,0,0,0,6,0,1,0,6,0,1,1,1,1,1,0,1,0,0,2,1,0,0,1,0,1,1,2,0,0,1,3,1,0,0,1,1,1,1,1,2,0,1,1,0,0,0,2,1,1,1301
406,0,0,0,0,0,0,0,0,0,0,0,0,0,0,0,0,0,0,0,0,0,0,0,0,0,0,0,0,0,0,0,0,0,0,0,0,0,0,0,0,0,0,0,0,0,0,0,0,0,0,1301
407,0,0,5,0,0,0,0,0,0,0,0,0,0,0,0,0,0,1,0,0,0,0,4,0,6,0,2,0,0,0,0,0,0,0,0,4,0,0,0,0,0,0,0,0,0,0,0,0,0,0,1301
408,0,0,0,0,0,0,0,0,0,0,0,0,0,0,0,0,0,0,0,0,0,0,0,0,0,0,0,0,0,0,0,0,0,0,0,0,0,0,0,0,0,0,0,0,0,0,0,0,0,0,1301
409,0,1,0,0,5,0,0,0,0,0,0,1,0,0,1,0,0,0,0,0,0,0,0,1,0,0,0,0,0,0,0,3,0,0,0,0,0,0,0,0,0,0,0,0,0,0,0,1,0,0,1301
410,0,0,0,1,0,0,0,0,0,0,0,0,0,0,0,0,0,0,0,0,0,0,0,0,0,0,0,0,0,0,0,0,0,0,0,0,0,0,0,0,0,0,0,0,0,0,0,0,0,0,1301
411,0,0,0,0,8,0,1,0,6,0,1,0,1,1,0,1,1,0,0,0,1,0,0,1,0,1,1,2,0,0,1,2,1,0,0,3,1,1,1,1,0,1,1,1,1,0,0,0,1,1,1301
412,0,0,0,0,0,0,0,0,0,0,0,0,0,0,0,0,0,0,0,0,0,0,0,0,0,0,0,0,0,0,0,0,0,0,0,0,0,0,0,0,0,0,0,0,0,0,0,0,0,0,1301
413,0,0,0,1,0,0,0,0,0,0,0,0,0,0,0,0,0,0,0,0,0,0,0,0,0,0,0,0,0,0,0,0,0,0,0,0,0,0,0,0,0,0,0,0,0,0,0,0,0,0,1301
414,0,0,0,0,0,0,0,0,0,0,0,1,0,0,0,0,0,0,0,0,0,4,0,0,0,0,0,0,0,0,0,0,0,0,0,0,0,0,0,0,0,0,0,0,0,0,0,0,0,0,1301
415,0,0,0,0,2,1,0,0,3,0,0,0,0,1,3,0,0,0,0,3,0,0,0,0,0,0,0,0,1,1,0,0,0,2,0,0,0,0,0,0,0,0,0,0,0,0,0,0,0,0,1301
416,0,0,1,0,0,0,0,0,0,0,0,0,0,0,0,0,0,0,0,0,0,0,1,0,0,0,0,0,0,0,0,0,0,0,0,0,0,0,0,0,0,0,0,0,0,0,0,0,0,0,1301
417,1,2,0,0,7,2,1,2,4,0,1,0,1,1,1,1,1,0,0,1,2,0,0,1,0,0,1,2,0,0,1,0,1,2,0,1,0,0,1,1,2,0,1,1,2,0,0,2,0,1,1301
418,0,0,0,0,4,0,1,0,2,0,0,0,0,0,2,0,0,0,0,4,0,0,0,0,0,0,0,1,0,1,0,0,0,0,0,0,1,0,0,0,0,0,0,0,0,0,0,1,0,0,1301
419,0,0,0,0,0,0,0,0,0,0,0,0,0,0,0,0,0,0,0,0,0,0,0,0,0,0,0,0,0,0,0,0,0,0,0,0,0,0,0,0,0,0,0,0,0,0,0,0,0,0,1301
420,0,0,0,0,3,1,0,0,3,0,0,0,3,1,2,1,1,0,1,1,2,0,0,1,0,0,1,1,1,0,1,1,1,0,0,1,0,0,0,0,3,1,1,0,0,0,0,3,0,1,1301
421,0,0,0,0,0,0,0,0,0,0,0,0,0,0,0,0,0,0,0,0,0,0,0,0,0,0,0,0,0,0,0,0,0,0,0,0,0,0,0,0,0,0,0,0,0,0,0,0,0,0,1301
422,0,0,0,0,0,0,0,0,0,0,0,0,0,0,0,0,0,0,1,2,0,1,0,0,1,0,0,0,1,0,0,0,0,0,0,0,0,0,0,0,0,0,0,0,0,0,0,0,0,0,1301
423,0,0,0,0,0,0,0,0,0,0,0,0,0,0,0,0,0,0,0,0,0,1,0,0,0,0,0,0,0,0,0,0,0,0,0,0,0,0,0,0,0,0,0,0,0,0,0,0,0,0,1301
424,0,0,0,0,2,0,1,0,7,0,0,0,0,0,2,0,0,0,0,5,0,0,0,0,0,0,0,1,0,1,0,0,0,0,0,0,1,0,0,0,0,0,0,0,0,0,0,1,0,0,1301
425,0,0,0,0,6,2,1,2,6,0,1,0,1,1,0,1,1,1,0,0,1,0,0,1,0,1,1,2,0,0,1,0,1,0,0,1,1,1,1,1,0,1,1,1,1,2,0,0,1,1,1301
426,0,0,0,0,0,0,0,0,0,0,0,0,0,0,0,0,0,0,0,0,0,3,0,0,0,0,0,0,0,0,0,0,0,0,0,0,0,0,0,0,0,0,0,0,0,0,0,0,0,0,1301
427,0,0,0,0,0,0,0,0,0,0,0,0,0,0,0,0,0,0,0,0,0,5,0,0,0,0,0,1,0,0,0,0,0,0,0,0,0,0,0,0,0,0,0,0,0,0,0,0,0,0,1301
428,0,0,0,6,0,0,0,0,0,0,0,0,0,0,0,0,2,0,0,0,0,0,0,0,6,0,0,0,0,0,0,0,0,0,3,2,0,0,0,0,0,0,0,0,0,0,2,0,0,0,1301
429,0,0,0,0,4,0,0,2,3,1,0,1,0,1,1,0,0,0,0,0,0,0,0,0,0,0,0,1,0,1,0,0,0,0,0,0,0,0,0,0,0,0,0,0,2,0,0,2,0,0,1301
430,0,0,0,2,0,0,0,0,0,0,0,0,0,0,0,0,0,0,1,0,0,0,0,0,0,0,0,0,0,0,0,0,0,0,0,0,0,0,0,0,0,0,0,0,0,0,0,0,0,0,1301
431,0,1,0,0,6,1,1,1,4,1,1,0,1,1,1,1,1,0,0,0,0,0,0,1,0,1,1,2,0,0,1,0,1,1,1,1,1,1,1,1,0,1,1,1,2,0,0,1,1,1,1301
432,0,0,0,0,5,0,0,3,0,0,0,1,0,0,1,0,0,0,1,0,0,0,0,0,0,1,2,1,0,1,0,0,1,0,0,0,1,0,0,1,0,1,0,1,0,0,0,1,1,1,1301
433,0,0,0,0,6,0,1,0,3,0,0,1,0,0,3,0,0,0,2,2,0,0,0,0,0,1,2,1,1,3,0,0,1,0,0,0,1,0,0,1,0,1,0,1,0,0,0,0,1,0,1301
434,0,0,0,0,0,0,0,0,0,0,0,0,0,0,0,0,0,0,0,0,0,0,0,0,0,0,0,0,0,0,0,0,0,2,0,0,0,0,0,0,0,0,0,0,0,0,0,0,0,0,1301
435,0,0,0,0,6,2,1,0,2,0,1,0,1,1,3,1,1,0,0,2,0,0,0,1,0,0,1,2,0,0,1,0,1,2,0,1,0,1,1,1,0,0,1,1,0,0,0,0,0,0,1301
436,0,0,0,0,0,0,0,0,0,0,0,0,0,0,0,0,0,0,0,0,0,0,0,0,0,0,0,0,0,0,0,0,0,0,0,0,0,0,0,0,0,0,0,0,0,0,0,0,0,0,1301
437,0,0,0,0,0,0,0,0,0,0,0,0,0,0,0,0,0,0,0,0,0,0,0,0,0,0,0,0,0,0,0,0,0,0,0,0,0,0,0,0,0,0,0,0,0,0,0,0,0,0,1301
438,0,0,0,0,0,0,0,0,0,0,0,0,0,0,0,0,0,0,0,0,0,0,0,0,1,0,1,0,0,0,0,0,0,0,0,0,0,0,0,0,0,0,0,0,0,0,0,0,0,0,1301
439,0,0,0,0,9,0,1,2,6,2,1,0,1,1,1,1,1,2,0,0,0,0,0,1,0,0,1,2,0,0,1,0,1,0,0,1,0,1,1,1,0,1,1,1,0,2,0,0,0,0,1301
440,0,0,0,0,0,0,0,0,0,0,0,0,0,0,0,0,0,0,0,0,0,0,0,0,0,0,0,0,0,0,0,0,0,0,0,0,0,0,0,0,0,0,0,0,0,0,0,0,0,0,1301
441,0,0,0,0,0,0,0,0,0,0,0,0,0,0,0,0,0,0,0,0,0,0,0,0,1,0,0,0,0,0,0,0,0,0,0,0,0,0,0,0,0,0,0,0,0,0,0,0,0,0,1301
442,0,0,0,0,4,0,1,0,4,0,1,0,1,1,0,1,1,0,0,2,1,0,0,1,0,1,1,2,0,0,1,0,1,1,0,3,1,1,1,1,0,0,1,1,0,0,0,1,1,1,1301
443,0,0,0,4,0,0,0,0,0,0,0,0,0,1,0,0,0,0,0,0,0,0,0,0,4,0,0,0,0,0,0,0,0,0,0,1,0,0,0,0,0,0,0,0,0,0,9,0,0,0,1301
444,0,0,2,0,0,0,0,0,0,0,0,0,0,0,0,0,0,0,0,0,0,0,2,0,0,0,0,0,0,0,0,0,0,0,0,0,0,0,0,0,0,0,0,0,0,0,0,0,0,0,1301
445,0,0,0,0,0,0,0,0,0,0,0,0,0,0,0,0,0,0,0,0,0,0,0,0,0,0,0,0,0,0,0,0,0,0,0,0,0,0,0,0,0,0,0,0,0,0,0,0,0,0,1301
446,0,0,0,0,0,0,0,0,0,0,0,0,0,0,0,0,0,0,0,0,0,0,0,0,1,0,0,0,0,0,0,0,0,0,0,0,0,0,0,0,0,0,0,0,0,0,0,0,0,0,1301
447,0,2,0,0,6,1,1,2,4,0,1,0,1,1,1,1,1,0,0,1,1,0,0,1,0,1,1,2,0,0,1,0,1,1,2,1,1,1,1,1,0,1,1,1,2,0,0,0,1,1,1301
448,0,1,0,0,8,0,1,2,6,0,1,0,1,1,0,1,1,0,0,0,1,0,0,1,0,1,1,2,0,0,1,0,1,0,0,1,1,1,1,1,0,1,1,1,2,2,0,0,1,1,1301
449,0,0,0,0,0,0,0,0,0,0,0,0,0,0,0,0,0,0,0,0,0,0,0,0,0,0,0,0,0,0,0,0,0,0,0,0,0,0,0,0,0,0,0,0,0,0,0,0,0,0,1301
450,0,0,1,2,0,0,0,0,0,0,0,0,0,0,0,0,0,0,0,0,0,0,1,0,0,0,0,0,0,0,0,0,0,0,0,0,0,0,0,0,0,0,0,0,0,0,2,0,0,0,1301
451,0,0,0,0,0,0,0,0,0,0,0,0,0,0,0,0,0,0,0,0,0,0,0,0,1,0,0,0,0,0,0,0,0,0,0,0,0,0,0,0,0,0,0,0,0,0,0,0,0,0,1301
452,0,0,2,0,0,0,0,0,0,0,0,0,0,0,0,0,0,0,0,0,0,0,2,0,0,0,0,0,0,0,0,0,0,0,0,0,0,0,0,0,0,0,0,0,0,0,0,0,0,0,1301
453,0,0,0,1,0,0,0,0,0,0,0,0,0,0,0,0,0,0,0,0,0,0,0,0,0,0,0,0,0,0,0,0,0,0,0,0,0,0,0,0,0,0,0,0,0,0,0,0,0,0,1301
454,0,0,0,0,0,0,0,0,0,0,0,0,0,0,0,0,0,0,0,0,0,0,0,0,0,0,0,0,0,0,0,0,0,0,0,0,0,0,0,0,0,0,0,0,0,0,0,0,0,0,1301
455,0,0,0,0,0,0,0,0,0,0,0,0,0,0,0,0,1,0,0,0,0,2,0,0,0,0,0,0,0,0,0,0,0,0,0,0,0,0,0,0,0,0,0,0,0,0,0,0,0,0,1301
456,0,0,1,0,5,0,1,0,3,0,0,0,0,0,1,0,0,0,0,1,0,0,0,0,0,0,0,1,0,1,0,0,0,0,0,0,1,0,0,0,0,0,0,0,2,0,0,1,0,0,1301
457,2,0,0,0,8,1,1,2,6,2,1,0,1,1,1,1,1,1,0,0,3,0,0,1,0,0,1,2,0,0,1,0,1,0,0,1,0,1,1,1,4,1,1,1,1,1,0,2,0,1,1301
458,2,2,0,0,9,0,3,0,6,2,1,0,1,1,2,1,1,0,0,1,3,0,0,1,0,0,1,2,0,0,1,1,1,0,3,1,0,1,1,1,3,0,1,1,0,2,0,2,0,1,1301
459,0,0,0,1,0,0,0,0,0,0,0,0,0,0,0,0,0,0,0,0,0,0,0,0,0,0,0,0,0,0,0,0,0,0,0,0,0,0,0,0,0,0,0,0,0,0,0,0,0,0,1301
460,0,0,0,2,0,0,0,0,0,0,0,0,0,0,0,0,0,0,0,0,0,0,0,0,0,0,0,0,0,0,0,0,0,0,0,0,0,0,0,0,0,0,0,0,0,0,0,0,0,0,1301
461,0,0,1,0,0,0,0,0,0,0,0,0,0,0,0,0,0,0,0,0,0,0,1,0,0,0,0,0,0,0,0,0,0,0,0,0,0,0,0,0,0,0,0,0,0,0,0,0,0,0,1301
462,0,0,0,0,0,0,0,0,0,0,0,0,0,0,0,0,0,0,0,0,0,1,0,0,0,0,0,0,0,0,0,0,0,0,0,0,0,0,0,0,0,0,0,0,0,0,0,0,0,0,1301
463,0,0,0,0,0,0,0,0,0,0,0,0,0,0,0,0,0,0,0,0,0,1,0,0,0,0,0,0,0,0,0,0,0,0,0,0,0,0,0,0,0,0,0,0,0,0,0,0,0,0,1301
464,0,0,0,0,8,0,1,2,6,0,0,0,0,1,1,1,0,0,0,3,0,0,0,0,0,0,1,1,0,1,0,4,1,0,0,0,0,0,0,0,0,1,0,0,0,0,0,0,0,0,1301
465,0,0,0,0,3,0,0,0,0,0,0,0,0,1,0,0,0,0,0,1,0,0,0,0,0,0,0,0,1,1,0,0,0,0,0,0,1,0,0,0,0,0,0,0,0,0,0,1,0,0,1301
466,0,0,0,0,7,0,1,1,3,3,0,1,1,1,1,0,0,0,0,0,0,0,0,0,0,0,0,1,0,0,0,0,0,0,0,0,1,1,1,1,0,0,0,1,2,0,0,0,1,0,1301
467,0,0,0,0,0,0,0,0,0,0,0,0,0,0,0,0,0,0,0,0,0,0,0,0,0,0,0,0,0,0,0,0,0,0,0,0,0,0,0,0,0,0,0,0,0,0,0,0,0,0,1301
468,0,0,2,0,0,0,0,0,0,0,0,0,0,0,0,0,0,0,0,0,0,0,2,0,0,0,0,0,0,0,0,0,0,0,0,0,0,0,0,0,0,0,0,0,0,0,0,0,0,0,1301
469,0,0,0,0,4,2,0,3,3,0,0,0,0,0,1,0,0,2,0,0,0,0,0,0,0,0,0,0,1,0,0,0,0,0,2,1,0,0,0,0,0,0,0,1,0,0,0,2,0,0,1301
470,0,0,0,0,8,0,1,0,6,0,1,0,1,1,0,1,1,0,0,0,1,0,0,1,0,1,1,2,0,0,1,0,1,0,0,1,1,1,1,1,0,1,1,1,2,2,0,0,1,1,1301
471,0,0,0,0,0,0,0,0,0,0,0,0,0,0,0,0,0,0,0,0,0,0,0,0,0,0,0,0,0,0,0,0,0,0,0,0,0,0,0,0,0,0,0,0,0,0,0,0,0,0,1301
472,0,0,0,0,0,0,0,0,0,0,0,0,0,0,0,0,0,0,0,0,0,0,0,0,5,0,0,0,0,0,0,0,0,0,0,0,0,0,0,0,0,0,0,0,0,0,0,0,1,0,1301
473,0,0,0,0,4,2,0,3,3,0,0,0,0,0,1,0,0,2,0,0,0,0,0,0,0,0,0,0,1,0,0,0,0,0,2,1,0,0,0,0,0,0,0,1,0,0,0,2,0,0,1301
474,0,0,0,1,0,0,0,0,0,0,0,0,0,0,0,0,0,0,0,0,0,0,0,0,0,0,0,0,0,0,0,0,0,0,0,0,0,0,0,0,0,0,0,0,0,0,0,0,0,0,1301
475,0,0,0,0,8,0,1,0,6,0,1,0,1,1,0,1,1,1,0,0,1,0,0,1,0,1,1,2,0,0,1,0,1,0,0,1,1,1,1,1,0,1,1,1,1,2,0,2,1,1,1301
476,0,0,0,0,0,0,0,0,0,0,0,0,0,0,0,0,0,0,0,0,0,0,0,0,0,0,0,0,0,0,0,0,0,0,0,0,0,0,0,0,0,0,0,0,0,0,0,0,0,0,1301
477,0,0,0,0,0,0,0,0,0,0,0,0,0,0,0,0,0,0,0,0,0,0,0,0,0,0,0,0,0,0,0,0,0,0,0,0,0,0,0,0,0,0,0,0,0,0,0,0,0,0,1301
478,0,0,0,0,0,0,0,0,0,0,0,0,0,0,0,0,0,0,0,0,0,0,0,0,1,0,0,0,0,0,0,0,0,0,0,0,0,0,0,0,0,0,0,0,0,0,0,0,0,0,1301
479,0,0,2,0,6,2,1,1,4,0,2,1,0,2,0,1,0,1,0,0,1,0,0,0,0,0,1,1,0,0,0,0,1,0,0,2,1,0,0,0,0,0,0,1,0,1,0,0,1,1,1301
480,1,2,0,0,7,2,1,2,4,0,1,0,1,1,1,1,1,0,0,1,2,0,0,1,0,0,1,2,0,0,1,0,1,2,0,1,0,0,1,1,2,0,1,1,2,0,0,2,0,1,1301
481,0,0,0,5,0,0,0,0,0,0,0,0,0,0,0,1,0,0,0,0,0,0,0,0,3,0,0,0,0,0,0,0,0,0,0,0,0,0,0,0,0,0,0,0,0,1,5,0,0,0,1301
482,0,0,0,0,0,0,0,0,0,0,0,0,0,0,0,0,0,0,0,0,0,0,0,0,0,0,0,0,0,0,0,0,0,0,0,0,0,0,0,0,0,0,0,0,0,0,0,0,0,0,1301
483,0,0,0,0,0,0,0,0,0,0,0,0,0,0,0,0,0,0,0,0,0,0,0,0,0,0,0,0,0,0,0,0,0,0,0,0,0,0,0,0,0,0,0,0,0,0,0,0,0,0,1301
484,0,0,0,0,0,0,0,0,0,0,0,0,0,0,0,0,0,0,0,0,0,0,0,0,2,0,0,0,0,0,0,0,0,0,0,0,0,0,0,0,0,0,0,0,0,0,0,0,0,0,1301
485,0,0,0,0,0,0,0,0,0,0,0,0,0,0,0,0,0,0,0,0,0,0,0,0,0,0,0,0,0,0,0,0,0,0,0,0,0,0,0,0,0,0,0,0,0,0,0,0,0,0,1301
486,0,0,0,0,10,0,1,2,4,0,1,0,1,1,0,1,1,0,0,2,1,0,0,1,0,0,1,2,0,0,1,0,1,0,0,1,0,1,1,1,2,0,1,1,2,0,0,3,0,1,1301
487,0,0,0,0,0,0,0,0,0,0,0,0,0,0,0,1,0,0,0,0,0,3,0,0,3,0,0,0,0,0,0,0,0,0,0,0,0,0,0,0,0,0,0,0,0,0,0,0,0,0,1301
488,0,0,0,2,0,0,0,0,0,0,0,0,0,0,0,0,0,0,0,0,0,0,0,0,0,0,0,0,0,0,0,0,0,0,0,0,0,0,0,0,0,0,0,0,0,0,0,0,0,0,1301
489,0,0,0,0,1,0,0,0,0,0,0,0,0,0,2,0,0,0,0,0,0,0,0,0,0,0,0,0,0,0,0,0,0,0,0,0,0,0,0,0,0,0,0,0,0,0,0,0,0,0,1301
490,0,0,0,0,7,0,1,2,4,0,1,0,1,1,1,1,1,0,0,2,1,0,0,1,0,1,1,2,0,0,1,0,1,0,0,2,1,1,1,1,0,1,1,1,2,0,0,0,1,0,1301
491,0,0,1,0,0,0,0,0,0,0,0,0,0,0,0,0,0,0,0,0,0,0,1,0,1,0,0,0,0,0,0,0,0,0,0,2,0,0,0,0,0,0,0,0,0,0,0,0,0,0,1301
492,0,0,1,0,0,0,0,0,0,0,0,0,0,0,0,0,0,0,0,0,0,0,1,0,0,0,0,0,0,0,0,0,0,0,0,0,0,0,0,0,0,0,0,0,0,0,0,0,0,0,1301
493,0,0,0,0,7,0,1,1,4,0,1,0,1,1,0,1,1,0,0,2,1,0,0,1,0,0,1,2,0,0,1,2,1,0,0,1,0,1,1,1,2,0,1,1,0,0,0,2,0,1,1301
494,0,1,0,0,8,0,1,2,6,0,1,0,1,1,0,1,1,0,0,0,1,0,0,1,0,1,1,2,0,0,1,0,1,0,0,1,1,1,1,1,0,1,1,1,2,2,0,0,1,1,1301
495,0,0,1,0,3,0,1,0,1,0,0,0,0,0,2,1,0,0,0,7,0,0,0,0,0,0,0,0,1,1,0,0,0,0,1,0,0,1,0,0,0,1,0,0,0,0,0,0,0,0,1301
496,0,0,0,2,0,0,0,0,0,0,0,0,0,0,0,0,0,0,0,0,0,0,0,0,0,0,0,0,0,0,0,0,0,0,0,0,0,0,0,0,0,0,0,0,0,0,0,0,0,0,1301
497,0,0,0,0,0,0,0,0,0,0,0,0,0,0,0,0,0,0,0,0,0,6,0,0,2,0,0,0,0,0,0,0,0,0,0,0,0,0,0,0,0,0,0,0,0,0,0,0,0,0,1301
498,1,0,0,0,9,0,1,2,6,0,1,0,1,1,1,1,1,0,1,0,1,0,0,1,0,0,1,2,0,0,1,4,1,0,0,1,0,1,1,1,2,1,1,1,0,0,0,1,0,1,1301
499,0,0,0,2,0,0,0,0,0,0,0,0,0,0,0,0,0,0,0,0,0,0,0,0,0,0,0,0,0,0,0,0,0,0,0,0,0,0,0,0,0,0,0,0,0,0,1,0,0,0,1301
500,0,0,0,0,7,1,1,0,4,0,1,0,1,1,2,1,1,0,0,2,1,0,0,1,0,1,1,2,0,0,1,0,1,0,0,1,1,1,1,1,0,1,1,1,0,0,0,1,1,1,1301
501,0,0,2,0,6,2,1,1,4,0,2,1,0,2,0,1,0,1,0,0,2,0,0,0,0,0,1,1,0,0,0,0,1,0,0,2,1,0,0,0,3,0,0,1,0,1,0,3,1,1,1301
502,0,0,1,3,0,0,0,0,0,0,0,0,0,0,0,0,0,0,0,0,0,0,1,0,0,0,0,0,0,0,0,0,0,0,0,0,0,0,0,0,0,0,0,0,0,0,0,0,0,0,1301
503,0,0,1,0,0,0,0,0,0,0,0,0,0,0,0,0,0,0,0,0,0,0,1,0,0,0,0,0,0,0,0,0,0,0,0,0,0,0,0,0,0,0,0,0,0,0,0,0,0,0,1301
504,0,0,0,0,7,0,0,0,5,0,0,0,1,1,0,1,1,0,0,2,0,0,0,1,0,0,1,1,1,0,1,1,1,0,0,1,0,0,0,0,0,1,1,0,0,0,0,0,0,0,1301
505,0,0,0,0,0,0,0,0,0,0,0,0,0,0,0,0,0,0,0,0,0,2,0,0,0,0,0,0,0,0,0,0,0,0,0,0,0,0,0,0,0,0,0,0,0,0,0,0,0,0,1301
506,0,0,0,0,8,0,1,0,6,0,1,0,1,1,0,1,1,1,0,0,0,0,0,1,0,1,1,2,0,0,1,0,1,0,0,1,1,1,1,1,0,1,1,1,1,2,0,2,1,2,1301
507,0,0,0,0,2,0,0,0,4,0,0,1,0,1,1,0,0,0,1,0,0,0,0,0,0,0,0,0,1,1,0,0,0,0,0,0,0,0,0,0,0,0,0,0,0,0,0,2,0,0,1301
508,0,0,0,0,4,0,0,2,3,1,0,1,0,1,1,0,0,0,0,0,0,0,0,0,0,0,0,1,0,1,0,0,0,0,0,0,0,0,0,0,0,0,0,0,2,0,0,2,0,0,1301
509,2,0,0,0,9,0,1,2,4,2,1,0,1,1,1,1,1,0,0,0,3,0,0,1,0,0,1,2,0,0,1,4,1,0,0,1,0,1,1,1,3,0,1,1,0,0,0,2,0,1,1301
510,0,0,0,0,0,0,0,0,0,0,0,0,0,0,0,0,0,0,0,0,0,0,0,0,0,0,0,0,0,0,0,0,0,0,0,0,0,0,0,0,0,0,0,0,0,0,0,0,0,0,1301
511,2,2,0,0,7,2,1,2,4,0,1,0,1,1,1,1,1,0,0,1,2,0,0,1,0,0,1,2,0,0,1,0,1,2,0,1,0,0,1,1,3,0,1,1,2,0,0,1,0,1,1301
512,0,0,0,0,2,2,1,0,5,0,0,0,0,0,3,0,0,0,0,1,0,0,0,0,0,0,0,1,0,1,0,0,0,0,0,0,1,0,0,0,0,0,0,0,0,0,0,1,0,0,1301
513,0,0,0,0,7,0,1,4,1,1,0,0,0,1,2,2,1,1,2,1,0,0,0,0,0,0,1,1,0,0,0,0,1,0,8,2,1,0,0,0,0,0,0,1,1,0,0,10,1,0,1301
514,0,0,0,0,0,0,0,0,0,0,0,0,0,0,0,0,0,0,0,0,0,0,0,0,0,0,0,0,0,0,0,0,0,0,0,0,0,0,0,0,0,0,0,0,0,0,0,0,0,0,1301
515,0,0,0,0,2,0,0,0,4,0,0,1,0,1,1,0,0,0,1,0,0,0,0,0,0,0,0,0,1,1,0,0,0,0,0,0,0,0,0,0,0,0,0,0,0,0,0,2,0,0,1301
516,0,0,0,0,0,0,0,0,0,0,0,0,0,0,0,0,0,0,0,0,0,0,0,0,0,0,0,0,0,0,0,0,0,0,0,0,0,0,0,0,0,0,0,0,0,0,0,0,0,0,1301
517,0,0,0,1,0,0,0,0,0,0,0,0,0,0,0,0,0,0,0,0,0,0,0,0,4,0,0,0,0,0,0,0,0,0,0,0,0,0,0,0,0,0,0,0,0,0,0,0,0,0,1301
518,0,0,0,0,3,0,1,0,6,0,0,0,0,1,4,0,0,0,0,6,0,0,0,0,0,0,0,0,1,1,0,0,0,0,0,0,0,0,0,0,0,0,0,0,0,0,0,0,0,0,1301
519,0,0,0,0,0,0,0,0,0,0,0,0,0,0,0,0,0,0,0,0,0,1,0,0,0,0,0,0,0,0,0,0,0,0,0,0,0,0,0,0,0,0,0,0,0,0,0,0,0,0,1301
520,0,0,1,0,4,0,0,0,2,0,0,0,3,1,3,1,1,0,1,1,0,0,0,1,0,0,1,1,1,0,1,1,1,0,0,1,0,0,0,0,0,1,1,0,0,0,0,0,0,0,1301
521,0,0,1,0,0,0,0,0,0,0,0,0,0,0,0,0,0,0,0,0,0,0,1,0,0,0,0,0,0,0,0,0,0,0,0,0,0,0,0,0,0,0,0,0,0,0,0,0,0,0,1301
522,1,0,0,0,10,0,1,2,6,0,0,0,1,1,1,1,1,0,0,0,0,0,0,1,0,0,1,2,0,0,1,4,1,0,0,1,0,1,1,1,2,0,1,2,2,2,0,2,0,2,1301
523,0,0,5,0,0,0,0,0,0,0,0,0,0,0,0,0,0,1,0,0,0,0,4,0,6,0,2,0,0,0,0,0,0,0,0,3,0,0,0,0,0,0,0,0,0,0,0,0,0,0,1301
524,0,0,0,0,8,2,1,0,6,2,0,1,0,1,1,0,0,0,0,0,0,0,0,0,0,0,0,1,0,0,0,0,0,2,0,0,0,0,1,1,0,0,0,1,0,0,0,0,0,0,1301
525,0,0,1,0,0,0,0,0,0,0,0,0,0,0,0,0,0,0,0,0,0,0,1,0,0,0,0,0,0,0,0,0,0,0,0,0,0,0,0,0,0,0,0,0,0,0,1,0,0,0,1301
526,0,0,0,0,0,0,0,0,0,0,0,0,0,0,0,0,0,0,1,0,0,1,0,0,0,0,0,0,0,0,0,0,0,0,0,0,0,0,0,0,0,0,0,0,0,0,0,0,0,0,1301
527,0,0,0,0,3,1,0,0,3,0,0,0,3,1,3,1,1,0,1,1,0,0,0,1,0,0,1,1,1,0,1,1,1,0,0,1,0,0,0,0,0,1,1,0,0,0,0,0,0,0,1301
528,0,0,0,0,4,2,0,3,3,0,0,0,0,0,1,0,0,2,0,0,0,0,0,0,0,0,0,0,1,0,0,0,0,0,2,1,0,0,0,0,0,0,0,1,0,0,0,2,0,0,1301
529,0,0,0,2,0,0,0,0,0,0,1,0,0,0,0,0,0,0,0,0,0,0,0,0,0,0,0,0,0,0,0,0,0,0,0,0,0,0,0,0,0,0,0,0,0,0,0,0,0,0,1301
530,0,1,0,0,5,0,0,0,7,0,0,1,0,0,3,0,0,2,0,2,0,0,0,1,0,0,0,0,1,0,0,0,0,0,1,1,1,0,0,0,0,0,0,0,0,2,0,1,0,0,1301
531,0,0,0,2,0,0,0,0,0,0,0,0,0,0,0,0,0,0,0,0,0,0,0,0,2,0,0,0,0,0,0,0,0,0,0,0,0,0,0,0,0,0,0,0,0,0,0,0,0,0,1301
532,0,0,0,5,0,0,0,0,0,0,0,0,0,0,0,1,0,0,0,0,0,0,0,0,3,0,0,0,0,0,0,0,0,0,0,0,0,0,0,0,0,0,0,0,0,1,5,0,0,0,1301
533,0,0,0,1,0,0,0,0,0,0,0,0,0,0,0,0,0,0,0,0,0,0,0,0,0,0,0,0,0,0,0,0,0,0,0,0,0,0,0,0,0,0,0,0,0,0,0,0,0,0,1301
534,0,1,0,0,5,0,0,0,7,0,0,1,0,0,3,0,0,2,0,2,0,0,0,1,0,0,0,0,1,0,0,0,0,0,1,1,1,0,0,0,0,0,0,0,0,2,0,1,0,0,1301
535,0,0,0,1,0,0,0,0,0,0,0,0,0,0,0,0,0,0,0,0,0,0,0,0,0,0,0,0,0,0,0,0,0,0,0,0,0,0,0,0,0,0,0,0,0,0,0,0,0,0,1301
536,0,0,0,1,0,0,0,0,0,0,0,0,0,0,0,0,0,0,0,0,0,0,0,0,0,0,0,0,0,0,0,0,0,0,0,0,0,0,0,0,0,0,0,0,0,0,0,0,0,0,1301
537,0,0,0,1,0,0,0,0,0,0,0,0,0,0,0,0,0,0,0,0,0,0,0,0,0,0,0,0,0,0,0,0,0,0,0,0,0,0,0,0,0,0,0,0,0,0,0,0,0,0,1301
538,0,0,0,0,0,0,0,0,0,0,0,0,0,0,0,0,0,0,0,0,0,0,0,0,0,0,0,0,0,0,0,0,0,0,0,0,0,0,0,0,0,0,0,0,0,0,0,0,0,0,1301
539,0,0,0,0,0,0,0,0,0,0,0,1,0,0,0,0,0,0,0,0,0,0,0,0,0,0,0,0,0,0,0,0,0,0,0,0,0,0,0,0,0,0,0,0,0,0,0,0,0,0,1301
540,0,0,0,0,5,2,1,0,3,0,1,0,1,1,3,1,1,0,0,2,1,0,0,1,0,1,1,2,0,0,1,0,1,2,0,1,1,1,1,1,0,1,1,1,0,0,0,0,1,0,1301
541,0,0,0,0,0,0,0,0,0,0,0,0,0,0,0,0,0,0,0,0,0,0,0,0,0,0,0,0,0,0,0,0,0,0,0,0,0,0,0,0,0,0,0,0,0,0,0,0,0,0,1301
542,0,0,2,0,6,2,1,1,4,0,2,1,0,2,0,1,0,1,0,0,0,0,0,0,0,0,1,1,0,0,0,0,1,0,0,2,1,0,0,0,0,0,0,1,0,1,0,0,1,1,1301
543,0,0,0,0,0,0,0,0,0,0,0,0,0,0,0,0,0,0,0,0,0,0,0,0,0,0,0,0,0,0,0,0,0,0,0,0,0,0,0,0,0,0,0,0,0,0,0,0,0,0,1301
544,1,1,0,0,6,2,1,1,5,0,1,0,1,1,1,1,1,1,0,0,0,0,0,1,0,1,1,2,0,0,1,0,1,1,2,1,1,1,1,1,0,1,1,1,1,1,0,1,1,2,1301
545,0,0,0,0,0,0,0,0,0,0,0,0,0,0,0,0,0,0,0,0,0,0,0,0,0,0,0,0,0,0,0,0,0,0,0,0,0,0,0,0,0,0,0,0,0,0,0,0,0,0,1301
546,0,0,0,0,0,0,0,0,0,0,0,0,0,0,0,0,0,0,1,2,0,1,0,0,1,0,0,0,1,0,0,0,0,0,0,0,0,0,0,0,0,0,0,0,0,0,0,0,0,0,1301
547,4,0,0,0,9,0,1,2,6,0,1,0,1,1,1,1,1,1,0,0,4,0,0,1,0,0,1,2,0,0,1,0,1,0,0,1,0,1,1,1,5,1,1,1,1,1,0,1,0,1,1301
548,0,0,0,0,3,0,0,3,5,0,0,0,0,1,1,1,0,0,0,0,0,0,0,0,0,0,0,0,1,1,0,0,0,0,0,0,0,0,0,0,0,0,0,1,2,0,0,2,0,0,1301
549,0,0,0,0,0,0,0,0,0,0,0,0,0,0,0,0,0,0,0,0,0,1,0,0,0,0,0,0,0,0,0,0,0,0,0,0,0,0,0,0,0,0,0,0,0,0,0,0,0,0,1301
550,0,0,0,0,0,0,0,0,0,0,0,0,0,0,0,0,0,0,0,0,0,3,0,0,3,0,0,0,0,0,0,0,0,0,0,0,0,0,0,0,0,0,0,0,0,0,0,0,0,0,1301
551,0,0,0,2,0,0,0,0,0,0,0,0,0,0,0,0,0,0,0,0,0,0,0,0,0,0,0,0,0,0,0,0,0,0,0,0,0,0,0,0,0,0,0,0,0,0,0,0,0,0,1301
552,0,0,0,1,0,0,0,0,0,0,0,0,0,0,0,0,0,0,0,0,0,0,0,0,0,0,0,0,0,0,0,0,0,0,0,0,0,0,0,0,0,0,0,0,0,0,0,0,0,0,1301
553,2,0,0,0,8,1,1,2,6,2,1,0,1,1,1,1,1,1,0,0,3,0,0,1,0,0,1,2,0,0,1,0,1,0,0,1,0,1,1,1,4,1,1,1,1,1,0,2,0,1,1301
554,1,2,0,0,7,2,1,2,4,0,1,0,1,1,1,1,1,0,0,1,2,0,0,1,0,0,1,2,0,0,1,0,1,2,0,1,0,0,1,1,2,0,1,1,2,0,0,2,0,1,1301
555,4,0,0,0,9,0,1,2,6,0,1,0,1,1,1,1,1,1,0,0,4,0,0,1,0,0,1,2,0,0,1,0,1,0,0,1,0,1,1,1,5,1,1,1,1,1,0,1,0,1,1301
556,0,0,1,0,0,0,0,0,0,0,0,0,0,0,0,0,0,0,0,0,0,0,1,0,0,0,0,0,0,0,0,0,0,0,0,0,0,0,0,0,0,0,0,0,0,0,1,0,0,0,1301
557,0,0,0,0,2,0,0,1,3,1,0,1,0,1,1,0,0,0,0,0,0,0,0,0,0,0,0,1,0,1,0,0,0,0,0,0,0,0,0,0,0,0,0,0,2,0,0,1,0,0,1301
558,0,0,0,0,0,0,0,0,0,0,0,0,0,0,0,1,0,0,0,0,0,0,0,0,0,0,0,0,0,0,0,0,0,0,0,0,0,0,0,0,0,0,0,0,0,0,0,0,0,0,1301
559,0,0,0,0,7,0,0,0,6,1,0,0,1,1,0,1,1,0,0,2,0,0,0,1,0,0,1,1,1,0,1,1,1,0,0,1,0,0,0,0,0,1,1,0,0,0,0,0,0,0,1301
560,0,0,0,2,0,0,0,0,0,0,0,0,0,0,0,0,0,0,0,0,0,0,0,0,6,0,1,0,0,0,0,0,0,0,0,0,0,0,0,0,0,0,0,0,0,0,1,0,0,0,1301
561,0,0,0,0,2,0,1,0,7,0,0,0,0,0,2,0,0,0,0,5,0,0,0,0,0,0,0,1,0,1,0,0,0,0,0,0,1,0,0,0,0,0,0,0,0,0,0,1,0,0,1301
562,0,0,0,2,0,0,0,0,0,0,0,0,0,0,0,0,0,0,0,0,0,0,0,0,0,0,0,0,0,0,0,0,0,0,0,0,0,0,0,0,0,0,0,0,0,0,0,0,0,0,1301
563,0,0,0,2,0,0,0,0,0,0,0,0,0,0,0,0,0,0,0,0,0,0,0,0,6,0,1,0,0,0,0,0,0,0,0,0,0,0,0,0,0,0,0,0,0,0,1,0,0,0,1301
564,0,0,2,0,4,0,1,0,4,2,1,0,1,1,1,1,1,0,0,0,1,0,0,1,0,2,1,2,0,0,1,0,2,0,1,1,1,1,1,1,0,1,1,1,0,0,0,2,1,1,1301
565,0,0,0,0,4,0,0,0,5,0,0,0,3,1,0,1,1,0,1,1,1,0,0,1,0,0,1,1,1,0,1,1,1,0,0,1,0,0,0,0,2,1,1,0,0,0,0,2,0,1,1301
566,0,0,0,0,0,2,0,0,2,0,0,1,0,1,3,0,0,0,0,4,0,0,0,0,0,0,0,1,0,1,0,0,0,0,0,0,0,0,0,0,0,0,0,0,0,0,0,1,0,0,1301
567,0,0,0,0,0,0,0,0,0,0,0,0,0,0,0,0,0,0,0,0,0,3,0,0,1,0,0,0,0,0,0,0,0,0,0,0,0,0,0,0,0,0,0,0,0,0,0,0,0,0,1301
568,0,0,0,0,0,0,0,0,0,0,0,0,0,0,0,0,0,0,0,0,0,4,0,0,0,0,0,0,0,0,0,0,0,0,0,0,0,0,0,0,0,0,0,0,0,0,0,0,0,0,1301
569,0,2,0,0,7,2,1,2,4,0,1,0,1,1,1,1,1,0,0,1,0,0,0,1,0,1,1,2,0,0,1,0,1,2,0,1,1,1,1,1,0,1,1,1,2,0,0,0,1,0,1301
570,0,0,0,0,0,0,0,0,0,0,0,0,0,0,0,0,0,0,0,0,0,4,0,0,1,0,0,0,0,0,0,0,0,0,0,0,0,0,0,0,0,0,0,0,0,0,0,0,0,0,1301
571,0,0,2,0,0,0,0,0,0,0,0,0,0,0,0,0,0,0,0,0,0,0,2,0,0,0,0,0,0,0,0,0,0,0,0,0,0,0,0,0,0,0,0,0,0,0,0,0,0,0,1301
572,0,0,0,0,5,0,0,0,0,0,0,1,0,0,1,0,0,0,1,0,0,0,0,0,0,1,2,1,0,1,0,0,1,0,0,0,1,0,0,1,0,1,0,1,0,0,0,2,1,2,1301
573,0,0,0,0,0,0,0,0,0,0,0,0,0,0,0,0,0,0,0,0,0,0,0,0,0,0,0,0,0,0,0,0,0,0,0,0,0,0,0,0,0,0,0,0,0,0,0,0,0,0,1301
574,0,0,0,0,0,0,0,0,0,0,0,0,0,0,0,0,0,0,0,0,0,0,0,0,0,0,0,0,0,0,0,0,0,0,0,0,0,0,0,0,0,0,0,0,0,0,0,0,0,0,1301
575,0,0,0,0,2,0,0,1,3,1,0,1,0,1,1,0,0,0,0,0,0,0,0,0,0,0,0,1,0,1,0,0,0,0,0,0,0,0,0,0,0,0,0,0,2,0,0,1,0,0,1301
576,0,0,0,0,5,2,1,0,4,0,1,0,1,1,3,1,1,0,0,2,0,0,0,1,0,0,1,2,0,0,1,0,1,2,1,1,0,0,1,1,0,0,1,1,0,0,0,0,0,0,1301
577,0,0,0,0,0,0,0,0,0,0,0,0,0,0,0,0,0,0,0,0,0,1,0,0,1,0,0,0,0,0,0,0,0,0,0,0,0,0,0,0,0,0,0,0,0,0,0,0,0,0,1301
578,0,0,0,0,5,2,1,0,3,0,1,0,1,1,3,1,1,0,0,2,1,0,0,1,0,1,1,2,0,0,1,0,1,2,0,1,1,1,1,1,0,1,1,1,0,0,0,0,1,0,1301
579,0,0,0,0,7,0,0,0,5,0,0,0,1,1,0,1,1,0,0,2,0,0,0,1,0,0,1,1,1,0,1,1,1,0,0,1,0,0,0,0,0,1,1,0,0,0,0,0,0,0,1301
580,0,0,0,0,0,0,0,0,0,0,0,0,0,0,0,0,0,0,0,0,0,0,0,0,0,0,0,0,0,0,0,0,0,0,0,0,0,0,0,0,0,0,0,0,0,0,0,0,0,0,1301
581,0,2,0,0,6,1,1,2,4,0,1,0,1,1,1,1,1,0,0,1,1,0,0,1,0,1,1,2,0,0,1,0,1,1,2,1,1,1,1,1,0,1,1,1,2,0,0,0,1,1,1301
582,0,0,0,0,0,0,0,0,0,0,0,0,0,0,0,0,0,0,0,0,0,0,0,0,0,0,0,0,0,0,0,0,0,0,0,0,0,0,0,0,0,0,0,0,0,0,0,0,0,0,1301
583,0,0,0,0,0,0,0,0,0,0,0,0,0,0,0,0,0,0,0,0,0,0,0,0,0,0,0,0,0,0,0,0,0,0,0,0,0,0,0,0,0,0,0,0,0,0,0,0,0,0,1301
584,0,0,0,0,0,0,0,0,0,0,0,0,0,0,0,0,0,0,0,0,0,1,0,0,0,0,0,0,0,0,0,0,0,0,0,0,0,0,0,0,0,0,0,0,0,0,0,0,0,0,1301
585,0,0,0,0,0,0,0,0,0,0,0,0,0,0,0,0,0,0,0,0,0,3,0,0,0,0,0,0,0,0,0,0,0,0,0,0,0,0,0,0,0,0,0,0,0,0,0,0,0,0,1301
586,0,0,0,0,0,0,0,0,0,0,0,0,0,0,0,0,0,0,0,0,0,0,0,0,0,0,0,0,0,0,0,0,0,0,0,0,0,0,0,0,0,0,0,0,0,0,0,0,0,0,1301
587,0,0,0,2,0,0,0,0,0,0,0,0,0,0,0,0,0,0,0,0,0,0,0,0,1,0,0,0,0,0,0,0,0,0,0,1,0,0,0,0,0,0,0,0,0,0,3,0,0,0,1301
588,0,0,0,0,0,0,0,0,0,0,0,0,0,0,0,0,0,0,0,0,0,2,0,0,0,0,0,0,0,0,0,0,0,0,0,0,0,0,0,0,0,0,0,0,0,0,0,0,0,0,1301
589,0,1,0,0,6,1,1,1,4,1,1,0,1,1,1,1,1,0,0,0,1,0,0,1,0,1,1,2,0,0,1,0,1,1,2,1,1,1,1,1,0,1,1,1,2,0,0,2,1,1,1301
590,0,0,2,0,0,0,0,0,0,0,0,0,0,0,0,0,0,0,0,0,0,0,2,0,0,0,0,0,0,0,0,0,0,0,0,0,0,0,0,0,0,0,0,0,0,0,0,0,0,0,1301
591,0,0,0,2,0,0,0,0,0,0,0,0,0,0,0,0,0,0,0,0,0,0,0,0,2,0,0,0,0,0,0,0,0,0,0,0,0,0,0,0,0,0,0,0,0,0,0,0,0,0,1301
592,0,0,2,0,6,2,1,1,4,0,2,1,0,2,0,1,0,1,0,0,2,0,0,0,0,0,1,1,0,0,0,0,1,0,0,2,1,0,0,0,3,0,0,1,0,1,0,3,1,1,1301
593,0,0,0,1,0,0,0,0,0,0,0,0,0,0,0,0,0,0,0,0,0,0,0,0,0,0,0,0,0,0,0,0,0,0,0,0,0,0,0,0,0,0,0,0,0,0,0,0,0,0,1301
594,0,0,0,0,0,0,0,0,0,0,0,0,0,0,0,1,0,0,0,0,0,4,0,0,0,0,0,0,0,0,0,0,0,0,0,0,0,0,0,0,0,0,0,0,0,0,0,0,0,0,1301
595,1,1,0,0,6,0,0,0,7,0,0,1,0,0,3,0,0,2,0,2,0,0,0,1,0,0,0,0,1,0,0,0,0,0,1,1,1,0,0,0,0,0,0,0,0,2,0,0,0,0,1301
596,0,0,0,0,6,0,1,0,1,0,0,0,0,0,1,0,0,0,0,2,0,0,0,0,0,0,0,1,0,1,0,0,0,0,0,0,1,0,0,0,0,0,0,0,0,0,0,1,0,0,1301
597,0,0,0,0,7,0,1,4,1,1,0,0,0,1,2,2,1,1,2,1,0,0,0,0,0,0,1,1,0,0,0,0,1,0,8,2,1,0,0,0,0,0,0,1,1,0,0,10,1,0,1301
598,0,0,1,0,0,0,0,0,0,0,0,0,0,0,0,0,0,0,0,0,0,0,1,0,0,0,0,0,0,0,0,0,0,0,0,0,0,0,0,0,0,0,0,0,0,0,1,0,0,0,1301
599,0,0,0,0,2,0,0,3,2,1,0,0,0,1,1,0,0,0,2,2,0,0,0,0,0,0,0,0,1,0,0,0,0,0,0,0,0,0,0,0,0,0,0,1,0,0,0,1,0,0,1301
600,1,1,0,0,6,1,1,1,4,1,1,0,1,1,1,1,1,0,0,0,0,0,0,1,0,1,1,2,0,0,1,0,1,1,2,1,1,1,1,1,0,1,1,1,2,0,0,1,1,2,1301
601,0,0,1,0,0,0,0,0,0,0,0,0,0,0,0,0,0,0,0,0,0,0,1,0,0,0,1,0,0,0,0,0,0,0,0,0,0,0,0,0,0,0,0,0,0,0,0,0,0,0,1301
602,0,0,0,0,5,0,0,0,2,0,0,0,0,0,1,1,0,0,0,0,0,0,0,4,0,0,0,0,1,1,0,0,0,0,0,1,0,0,0,0,0,0,0,0,0,0,0,1,0,0,1301
603,0,1,0,0,5,0,0,0,7,0,0,1,0,0,3,0,0,2,0,2,0,0,0,1,0,0,0,0,1,0,0,0,0,0,1,1,1,0,0,0,0,0,0,0,0,2,0,1,0,0,1301
604,0,0,0,0,6,0,1,0,3,0,0,1,0,0,3,0,0,0,2,2,0,0,0,0,0,1,2,1,1,3,0,0,1,0,0,0,1,0,0,1,0,1,0,1,0,0,0,0,1,0,1301
605,0,0,0,0,4,0,0,0,3,0,0,0,3,1,2,1,1,0,1,1,1,0,0,1,0,0,1,1,1,0,1,1,1,0,0,1,0,0,0,0,2,1,1,0,0,0,0,2,0,1,1301
606,0,0,1,0,0,0,0,0,0,0,0,0,0,0,0,0,0,0,0,0,0,0,1,0,0,0,0,0,0,0,0,0,0,0,0,0,0,0,0,0,0,0,0,0,0,0,0,0,0,0,1301
607,0,0,0,0,2,0,0,2,3,0,0,0,0,0,3,0,0,1,2,1,0,0,0,0,0,0,0,0,1,0,0,0,0,0,0,0,0,0,0,0,0,0,0,1,0,0,0,3,0,0,1301
608,0,0,0,0,5,2,1,0,6,0,1,0,1,1,1,1,1,0,0,2,1,0,0,1,0,1,1,2,0,0,1,0,1,0,0,2,1,1,1,1,0,1,1,1,2,0,0,0,1,0,1301
609,0,0,0,0,0,0,0,0,0,0,0,0,0,0,0,0,0,0,0,0,0,0,0,0,0,0,0,0,0,0,0,0,0,0,0,0,0,0,0,0,0,0,0,0,0,0,0,0,0,0,1301
610,0,0,0,0,0,0,0,0,0,0,0,0,0,0,0,0,0,0,0,0,0,1,0,0,0,0,0,0,0,1,0,0,0,0,0,0,0,0,0,0,0,0,0,0,0,0,0,0,0,0,1301
611,0,0,0,0,0,0,0,0,0,0,0,0,0,0,0,0,0,0,0,0,0,0,0,0,0,0,0,0,0,0,0,0,0,0,0,0,0,0,0,0,0,0,0,0,0,0,0,0,0,0,1301
612,4,0,0,0,9,0,1,2,6,0,1,0,1,1,1,1,1,0,0,0,3,0,0,1,0,0,1,2,0,0,1,2,1,0,0,1,0,1,1,1,5,1,1,1,1,1,0,1,0,2,1301
613,0,0,0,1,0,0,0,0,0,0,0,0,0,0,0,0,0,0,0,0,0,0,0,0,0,0,0,0,0,0,0,0,0,0,0,0,0,0,0,0,0,0,0,0,0,0,0,0,0,0,1301
614,0,0,0,1,0,0,0,0,0,0,0,0,0,0,0,0,0,0,0,0,0,0,0,0,0,0,0,0,0,0,0,0,0,0,0,0,0,0,0,0,0,0,0,0,0,0,0,0,0,0,1301
615,0,0,0,0,8,0,1,0,6,0,1,0,1,1,0,1,1,0,0,0,1,0,0,1,0,1,1,2,0,0,1,0,1,0,0,1,1,1,1,1,0,1,1,1,2,2,0,0,1,1,1301
616,0,2,0,0,8,0,1,2,4,0,1,0,1,1,1,1,1,0,0,0,1,0,0,1,0,1,1,2,0,0,1,0,1,0,0,1,1,1,1,1,2,1,1,1,2,0,0,2,1,1,1301
617,0,0,0,0,0,0,0,0,0,0,0,0,0,0,0,0,0,0,0,0,0,1,0,0,0,0,0,0,0,0,0,0,0,0,0,0,0,0,0,0,0,0,0,0,0,0,0,0,0,0,1301
618,1,0,0,0,7,0,1,2,4,0,0,0,1,1,3,1,1,0,2,2,0,0,0,1,0,0,1,2,0,0,1,0,1,2,0,1,0,0,1,1,1,0,1,1,0,0,0,1,0,2,1301
619,0,0,0,0,0,0,0,0,0,0,0,0,1,0,0,0,0,0,0,1,0,0,0,0,4,0,0,0,0,0,0,0,0,0,0,2,0,0,0,0,0,0,0,0,0,0,7,0,0,0,1301
620,0,0,0,1,0,0,0,0,0,0,0,0,0,0,0,0,0,0,0,0,0,0,0,0,0,0,0,0,0,0,0,0,0,0,0,0,0,0,0,0,0,0,0,0,0,0,0,0,0,0,1301
621,0,0,0,0,0,0,0,0,0,0,0,0,0,0,0,0,0,0,0,0,0,3,0,0,1,0,0,0,0,0,0,0,0,0,0,0,0,0,0,0,0,0,0,0,0,0,0,0,0,0,1301
622,0,1,0,0,4,0,0,0,4,0,0,1,0,0,1,0,0,0,2,1,0,0,0,1,0,0,0,0,1,0,0,0,0,0,0,1,1,0,0,0,0,0,0,0,0,0,0,2,0,0,1301
623,0,0,0,0,7,0,1,1,4,0,1,0,1,1,1,1,1,0,2,0,1,0,0,1,0,1,1,2,0,0,1,0,1,0,0,1,1,1,1,1,0,1,1,1,0,0,0,2,1,0,1301
624,0,0,0,2,0,0,0,0,0,0,0,0,0,0,0,0,0,0,0,0,0,0,0,0,0,0,0,0,0,0,0,0,0,0,0,0,0,0,0,0,0,0,0,0,0,0,2,0,0,0,1301
625,0,0,0,0,5,0,0,0,0,0,0,1,0,0,1,0,0,0,1,0,0,0,0,0,0,1,2,1,1,1,0,0,1,0,0,0,1,0,0,1,0,1,0,1,0,0,0,1,1,1,1301
626,0,0,0,0,5,0,0,0,2,0,0,0,2,1,3,1,1,0,1,1,0,0,0,1,0,0,1,1,1,0,1,1,1,0,0,1,0,0,0,0,0,1,1,0,0,0,0,0,0,0,1301
627,0,0,0,0,0,0,0,0,0,0,0,0,0,0,0,0,0,0,0,0,0,0,0,0,0,0,0,0,0,0,0,0,0,0,0,0,0,0,0,0,0,0,0,0,0,0,0,0,0,0,1301
628,2,2,0,0,9,0,3,0,6,2,1,0,1,1,2,1,1,0,0,1,3,0,0,1,0,0,1,2,0,0,1,1,1,0,3,1,0,1,1,1,3,0,1,1,0,2,0,2,0,1,1301
629,0,0,0,0,7,0,1,4,1,1,0,0,0,1,2,2,1,1,2,1,0,0,0,0,0,0,1,1,0,0,0,0,1,0,8,2,1,0,0,0,0,0,0,1,1,0,0,10,1,0,1301
630,4,0,0,0,9,0,1,2,6,0,1,0,1,1,1,1,1,0,0,0,3,0,0,1,0,0,1,2,0,0,1,2,1,0,0,1,0,1,1,1,5,1,1,1,1,1,0,1,0,2,1301
631,0,0,0,0,6,0,1,0,1,0,0,0,0,0,1,0,0,0,0,2,0,0,0,0,0,0,0,1,0,1,0,0,0,0,0,0,1,0,0,0,0,0,0,0,0,0,0,1,0,0,1301
632,0,0,0,0,0,0,0,0,0,0,0,0,0,0,0,0,0,0,0,0,0,0,0,0,0,0,0,0,0,0,0,0,0,0,0,0,0,0,0,0,0,0,0,0,0,0,0,0,0,0,1301
633,0,0,1,0,1,0,0,0,6,0,0,0,4,0,1,0,0,1,0,2,0,0,0,1,0,1,0,0,0,1,0,0,0,1,0,0,1,0,0,0,0,0,0,1,0,0,0,0,1,0,1301
634,0,1,0,0,4,0,0,0,4,0,0,1,0,0,1,0,0,0,2,1,0,0,0,1,0,0,0,0,1,0,0,0,0,0,0,1,1,0,0,0,0,0,0,0,0,0,0,2,0,0,1301
635,0,0,0,0,0,0,0,0,0,0,0,0,0,0,0,0,0,0,0,0,0,0,0,0,0,0,0,0,0,0,0,0,0,0,0,0,0,0,0,0,0,0,0,0,0,0,0,0,0,0,1301
636,0,0,0,0,2,0,1,0,7,0,0,0,0,0,2,0,0,0,0,5,0,0,0,0,0,0,0,1,0,1,0,0,0,0,0,0,1,0,0,0,0,0,0,0,0,0,0,1,0,0,1301
637,0,0,7,0,0,0,0,0,0,0,0,0,0,0,0,0,0,0,0,0,0,0,6,0,2,0,0,0,0,0,0,0,0,1,0,1,0,0,0,0,0,0,0,0,0,0,0,0,0,0,1301
638,0,0,1,0,0,0,0,0,0,0,0,0,0,0,0,0,0,0,0,0,0,0,1,0,0,0,0,0,0,0,0,0,0,0,0,1,0,0,0,0,0,0,0,0,0,0,0,0,0,0,1301
639,0,0,0,0,0,0,0,0,0,0,0,0,0,0,0,0,0,0,0,0,0,0,0,0,0,0,0,0,0,0,0,0,0,0,0,0,0,0,0,0,0,0,0,0,0,0,0,0,0,0,1301
640,0,0,0,0,9,0,1,2,6,0,1,0,1,1,1,1,1,0,0,0,1,0,0,1,0,0,1,2,0,0,1,0,1,0,0,1,0,1,1,1,1,0,1,2,2,0,0,2,0,1,1301
641,0,0,0,0,0,0,0,0,0,0,0,0,0,0,0,0,0,0,0,0,0,0,0,0,0,0,0,0,0,0,0,0,0,0,0,0,0,0,0,0,0,0,0,0,0,0,0,0,0,0,1301
642,0,0,0,0,0,0,0,0,0,0,0,0,0,0,0,0,0,0,0,0,0,0,0,0,0,0,0,0,0,0,0,0,0,0,0,0,0,0,0,0,0,0,0,0,0,0,0,0,0,0,1301
643,0,0,0,0,0,0,0,0,0,0,0,0,0,0,0,0,2,0,0,0,0,2,0,0,0,0,0,0,0,0,0,0,0,0,0,0,0,0,0,0,0,0,0,0,0,0,0,0,0,0,1301
644,0,0,0,0,0,0,0,0,0,0,0,0,0,0,0,0,0,0,0,0,0,0,0,0,0,0,0,0,0,0,0,0,0,0,0,0,0,0,0,0,0,0,0,0,0,0,0,0,0,0,1301
645,0,0,0,0,2,0,0,3,2,1,0,0,0,1,1,0,0,0,2,2,0,0,0,0,0,0,0,0,1,0,0,0,0,0,0,0,0,0,0,0,0,0,0,1,0,0,0,1,0,0,1301
646,0,0,0,0,0,0,0,0,0,0,0,0,0,0,0,0,0,0,0,0,0,1,0,0,0,0,0,0,0,0,0,0,0,0,0,0,0,0,0,0,0,0,0,0,0,0,0,0,0,0,1301
647,0,0,0,0,0,0,0,0,0,0,0,0,0,0,0,0,0,0,0,0,0,1,0,0,0,0,0,0,0,0,0,0,0,0,0,0,0,0,0,0,0,0,0,0,0,0,0,0,0,0,1301
648,4,0,0,0,9,0,1,2,6,0,1,0,1,1,1,1,1,0,0,0,3,0,0,1,0,0,1,2,0,0,1,2,1,0,0,1,0,1,1,1,5,1,1,1,1,1,0,1,0,2,1301
649,0,0,0,0,2,0,0,2,3,0,0,0,0,0,3,0,0,1,2,1,0,0,0,0,0,0,0,0,1,0,0,0,0,0,0,0,0,0,0,0,0,0,0,1,0,0,0,3,0,0,1301
650,1,0,0,0,2,0,0,0,3,1,0,1,0,1,1,0,0,0,0,0,0,0,0,0,0,0,0,1,0,1,0,0,0,0,0,0,0,0,0,0,0,0,0,0,2,0,0,1,0,0,1301
651,0,0,0,0,0,0,0,0,0,0,0,1,0,0,0,0,0,0,0,3,0,0,0,0,0,0,0,0,1,1,0,0,0,2,0,0,0,0,0,0,0,0,0,0,0,0,0,0,0,0,1301
652,0,0,0,0,5,1,1,2,3,0,1,0,1,1,0,1,1,0,0,2,0,0,0,1,0,1,1,2,0,0,1,0,1,2,0,1,1,1,1,1,0,1,1,1,0,0,0,1,1,0,1301
653,0,0,0,0,0,0,0,0,0,0,0,0,0,0,0,0,0,0,0,0,0,5,0,0,1,0,0,0,0,0,0,0,0,0,0,0,0,0,0,0,0,0,0,0,0,0,0,0,0,0,1301
654,0,0,0,0,9,0,1,2,6,0,1,0,1,1,0,1,1,1,0,0,1,0,0,1,0,0,1,2,0,0,1,0,1,0,0,1,0,1,1,1,2,0,1,1,1,2,0,2,0,1,1301
655,0,0,2,0,0,0,0,0,0,0,0,0,0,0,0,0,0,0,0,0,0,0,2,0,2,0,0,0,0,0,0,0,0,0,0,0,0,0,0,0,0,0,0,0,0,0,0,0,0,0,1301
656,1,0,0,0,9,0,1,2,4,0,1,0,1,1,1,1,1,1,0,0,1,0,0,1,0,0,1,2,0,0,1,2,1,0,0,1,0,1,1,1,1,0,1,1,0,0,0,1,0,1,1301
657,0,0,0,2,0,0,0,0,0,0,0,0,0,0,0,0,0,0,0,0,0,0,0,0,0,0,0,0,0,0,0,0,0,0,0,0,0,0,0,0,0,0,0,0,0,0,0,0,0,0,1301
658,0,0,0,0,2,0,0,1,3,1,0,1,0,1,1,0,0,0,0,0,0,0,0,0,0,0,0,1,0,1,0,0,0,0,0,0,0,0,0,0,0,0,0,0,2,0,0,1,0,0,1301
659,0,0,2,0,6,2,1,1,4,0,2,1,0,2,0,1,0,1,0,0,0,0,0,0,0,0,1,1,0,0,0,0,1,0,0,2,1,0,0,0,0,0,0,1,0,1,0,0,1,1,1301
660,0,0,0,3,0,0,0,0,0,0,0,0,0,0,0,0,0,0,0,0,0,0,0,0,2,0,0,0,0,0,0,0,0,0,0,0,0,0,0,0,0,0,0,0,0,0,0,0,0,0,1301
661,0,0,0,2,0,0,0,0,0,0,0,1,0,0,0,0,0,0,0,0,0,0,0,0,1,0,0,0,0,0,0,0,0,0,0,0,0,0,0,0,0,0,0,0,0,0,0,0,0,0,1301
662,0,0,0,0,0,0,0,0,0,0,0,0,0,0,0,0,0,0,0,0,0,0,0,0,0,0,0,0,0,0,0,0,0,0,0,0,0,0,0,0,0,0,0,0,0,0,0,0,0,0,1301
663,0,0,0,0,2,0,0,1,3,2,0,0,0,1,1,0,0,0,1,2,0,0,0,0,0,0,0,0,0,0,0,0,0,1,0,0,0,0,0,0,0,0,0,0,0,0,0,0,0,0,1301
664,0,0,0,0,0,0,0,0,0,0,0,0,0,0,0,0,0,0,0,0,0,0,0,0,0,0,0,0,0,0,0,0,0,0,0,0,0,0,0,0,0,0,0,0,0,0,0,0,0,0,1301
665,0,0,0,0,0,0,0,0,0,0,0,0,0,0,0,0,0,0,0,0,0,1,0,0,0,0,0,0,0,0,0,0,0,0,0,0,0,0,0,0,0,0,0,0,0,0,0,0,0,0,1301
666,0,0,0,1,0,0,0,0,0,0,0,0,0,0,0,0,0,0,0,0,0,0,0,0,2,0,0,0,0,0,0,0,0,0,0,0,0,0,0,0,0,0,0,0,0,0,0,0,0,0,1301
667,0,0,0,0,0,0,0,0,0,0,0,0,0,0,0,1,0,0,0,0,0,0,0,0,0,0,0,0,0,0,0,0,0,0,0,0,0,0,0,0,0,0,0,0,0,0,0,0,0,0,1301
668,0,0,0,0,0,0,0,0,0,0,0,0,0,0,0,0,0,0,0,0,0,0,0,0,0,0,0,0,0,0,0,0,0,0,0,0,0,0,0,0,0,0,0,0,0,0,0,0,0,0,1301
669,0,0,0,0,0,0,0,0,0,0,0,0,0,0,0,0,0,0,0,0,0,0,0,0,0,0,0,0,0,0,0,0,0,0,0,0,0,0,0,0,0,0,0,0,0,0,2,0,0,0,1301
670,0,0,0,0,0,0,0,0,0,0,0,0,0,0,0,0,0,0,0,0,0,0,0,0,1,0,0,0,0,0,0,0,0,0,0,0,0,0,0,0,0,0,0,0,0,0,0,0,0,0,1301
671,0,0,0,0,0,0,0,0,0,0,0,0,0,0,0,0,0,0,0,0,0,6,0,0,3,0,0,0,0,0,0,0,0,0,0,0,0,0,0,0,0,0,0,0,0,0,0,0,0,0,1301
672,0,0,0,0,0,0,0,0,0,0,0,0,0,0,0,0,0,0,0,0,0,0,0,0,0,0,0,0,0,0,0,0,0,0,0,0,0,0,0,0,0,0,0,0,0,0,0,0,0,0,1301
673,0,0,0,0,6,0,0,0,5,0,0,0,1,1,1,1,1,0,0,2,1,0,0,1,0,1,1,1,0,0,1,3,1,0,0,1,1,0,0,0,0,1,1,0,0,0,0,0,1,0,1301
674,0,0,3,0,0,0,0,0,0,0,0,0,0,0,0,0,0,0,0,0,0,0,4,0,0,0,0,1,0,0,0,0,0,0,0,0,0,0,0,0,0,0,0,0,0,0,0,0,0,0,1301
675,0,0,0,4,0,0,0,0,0,0,0,0,0,1,0,0,0,0,0,0,0,0,0,0,4,0,0,0,0,0,0,0,0,0,0,1,0,0,0,0,0,0,0,0,0,0,9,0,0,0,1301
676,0,0,0,2,0,0,0,0,0,0,0,0,0,0,0,0,0,0,0,0,0,0,0,0,0,0,0,0,0,0,0,0,0,0,0,0,0,0,0,0,0,0,0,0,0,0,2,0,0,0,1301
677,0,0,0,0,0,0,0,0,0,0,0,0,0,0,0,0,0,0,0,0,0,2,0,0,0,0,0,0,0,0,0,0,0,0,0,0,0,0,0,0,0,0,0,0,0,0,0,0,0,0,1301
678,0,2,0,0,8,0,1,2,4,0,1,0,1,1,1,1,1,0,0,0,1,0,0,1,0,1,1,2,0,0,1,0,1,0,0,1,1,1,1,1,2,1,1,1,2,0,0,2,1,1,1301
679,0,0,0,0,0,0,0,0,0,0,0,0,0,0,0,0,0,0,0,0,0,0,0,0,0,0,0,0,0,0,0,0,0,0,0,0,0,0,0,0,0,0,0,0,0,0,0,0,0,0,1301
680,1,0,2,0,4,0,1,0,4,2,1,0,1,1,1,1,1,0,0,0,0,0,0,1,0,2,1,2,0,0,1,0,2,0,1,1,1,1,1,1,0,1,1,1,0,0,0,1,1,2,1301
681,0,0,0,0,0,0,0,0,0,0,0,0,0,0,0,0,0,0,0,0,0,4,0,0,0,0,0,0,0,0,0,0,0,0,0,0,0,0,0,0,0,0,0,0,0,0,0,0,0,0,1301
682,0,0,0,0,0,0,0,0,0,0,0,0,0,0,0,0,0,0,0,0,0,0,0,0,0,0,0,0,0,0,0,0,0,0,0,0,0,0,0,0,0,0,0,0,0,0,0,0,0,0,1301
683,0,0,0,0,5,2,1,2,4,0,1,0,1,1,1,1,1,0,1,0,1,0,0,1,0,1,1,2,0,0,1,2,1,1,0,2,1,1,1,1,0,1,1,1,0,0,0,1,1,0,1301
684,1,1,0,0,6,2,1,1,5,0,1,0,1,1,1,1,1,1,0,0,1,0,0,1,0,1,1,2,0,0,1,0,1,1,2,1,1,1,1,1,0,1,1,1,1,1,0,1,1,1,1301
685,0,0,0,2,0,0,0,0,0,0,0,0,0,0,0,0,0,0,0,0,0,0,0,0,0,0,0,0,0,0,0,0,0,0,0,0,0,0,0,0,0,0,0,0,0,0,0,0,0,0,1301
686,0,0,0,0,0,0,0,0,0,0,1,0,0,0,0,0,0,0,0,0,0,0,0,0,0,0,0,0,0,0,0,0,0,0,0,0,0,0,0,0,0,0,0,0,0,0,0,0,0,0,1301
687,0,0,0,0,0,0,0,0,0,0,0,0,0,0,0,0,0,0,0,0,0,0,0,0,0,0,0,0,0,0,0,0,0,0,0,0,0,0,0,0,0,0,0,0,0,0,0,0,0,0,1301
688,0,0,0,0,0,0,0,0,0,0,0,1,0,0,0,0,0,0,0,0,0,4,0,0,0,0,0,0,0,0,0,0,0,0,0,0,0,0,0,0,0,0,0,0,0,0,0,0,0,0,1301
689,0,0,0,0,10,0,1,2,4,0,1,0,1,1,0,1,1,0,0,2,1,0,0,1,0,0,1,2,0,0,1,0,1,0,0,1,0,1,1,1,2,0,1,1,2,0,0,3,0,1,1301
690,0,1,0,0,6,2,1,1,5,0,1,0,1,1,1,1,1,1,0,0,1,0,0,1,0,1,1,2,0,0,1,0,1,1,2,1,1,1,1,1,0,1,1,1,1,1,0,2,1,1,1301
691,0,0,0,1,0,0,0,0,0,0,0,0,0,0,0,0,0,0,0,0,0,0,0,0,0,0,0,0,0,0,0,0,0,0,0,0,0,0,0,0,0,0,0,0,0,0,0,0,0,0,1301
692,0,0,0,0,7,0,1,1,4,0,1,0,1,1,0,1,1,0,0,2,1,0,0,1,0,0,1,2,0,0,1,2,1,0,0,1,0,1,1,1,2,0,1,1,0,0,0,2,0,1,1301
693,0,0,0,0,0,0,0,0,0,0,0,0,0,0,0,0,0,0,0,0,0,1,0,0,1,0,0,0,0,0,0,0,0,0,0,0,0,0,0,0,0,0,0,0,0,0,0,0,0,0,1301
694,0,2,0,0,6,1,1,2,4,0,1,0,1,1,1,1,1,0,0,1,1,0,0,1,0,1,1,2,0,0,1,0,1,1,2,1,1,1,1,1,0,1,1,1,2,0,0,0,1,1,1301
695,0,0,0,1,0,0,0,0,0,0,0,0,0,0,0,0,0,0,0,0,0,0,0,0,0,0,0,0,0,0,0,0,0,0,0,0,0,0,0,0,0,0,0,0,0,0,0,0,0,0,1301
696,0,0,0,0,2,0,0,1,3,1,0,1,0,1,1,0,0,0,0,0,0,0,0,0,0,0,0,1,0,1,0,0,0,0,0,0,0,0,0,0,0,0,0,0,2,0,0,1,0,0,1301
697,0,0,0,0,3,1,0,0,3,0,0,0,3,1,2,1,1,0,1,1,1,0,0,1,0,0,1,1,1,0,1,1,1,0,0,1,0,0,0,0,2,1,1,0,0,0,0,2,0,1,1301
698,0,0,0,0,2,0,0,0,3,0,0,1,0,1,1,0,0,0,1,0,0,0,0,0,0,0,0,0,1,1,0,0,0,0,0,0,0,0,0,0,0,0,0,0,2,0,0,0,0,0,1301
699,0,0,1,0,4,0,0,0,4,0,0,0,0,0,4,0,0,1,0,4,0,0,0,0,0,0,0,0,1,0,0,0,0,0,0,0,0,0,0,0,0,0,0,1,0,0,0,2,0,0,1301
700,0,0,0,0,0,0,0,0,0,0,0,0,0,0,0,0,0,0,0,0,0,0,0,0,0,0,0,0,0,0,0,0,0,0,0,0,0,0,0,0,0,0,0,0,0,0,0,0,0,0,1301
701,0,0,0,0,0,0,0,0,0,0,0,0,0,0,0,0,0,0,0,0,0,2,0,0,1,0,0,0,0,0,0,0,0,0,0,0,0,0,0,0,0,0,0,0,0,0,0,0,1,0,1301
702,0,0,0,0,7,0,1,0,3,3,0,1,1,1,1,0,0,0,0,0,0,0,0,0,0,0,0,1,0,0,0,0,0,0,0,0,1,1,1,1,0,0,0,1,2,0,0,0,1,0,1301
703,0,0,0,0,2,0,1,0,7,0,0,0,0,0,2,0,0,0,0,5,0,0,0,0,0,0,0,1,0,1,0,0,0,0,0,0,1,0,0,0,0,0,0,0,0,0,0,2,0,0,1301
704,0,0,0,0,0,0,0,0,0,0,0,0,0,0,0,0,0,0,0,0,0,0,0,0,0,0,0,0,0,0,0,0,0,0,0,0,0,0,0,0,0,0,0,0,0,0,0,0,0,0,1301
705,2,2,0,0,7,2,1,2,4,0,1,0,1,1,1,1,1,0,0,1,2,0,0,1,0,0,1,2,0,0,1,0,1,2,0,1,0,0,1,1,2,0,1,1,2,0,0,1,0,1,1301
706,0,0,0,0,5,1,1,2,3,0,1,0,1,1,0,1,1,0,0,2,0,0,0,1,0,1,1,2,0,0,1,0,1,2,0,1,1,1,1,1,0,1,1,1,0,0,0,1,1,0,1301
707,0,0,0,0,5,0,0,0,5,0,0,0,0,0,4,0,0,0,0,6,0,0,0,0,0,0,0,0,1,0,0,0,0,0,0,0,0,1,0,0,0,0,0,1,0,0,0,2,0,0,1301
708,0,0,0,0,0,0,0,0,3,0,0,0,0,1,4,0,0,0,0,2,0,0,0,0,0,0,0,0,1,0,0,0,0,0,0,0,0,0,0,0,0,0,0,0,0,0,0,3,0,0,1301
709,0,0,2,0,0,0,0,2,5,0,0,0,0,1,1,0,0,0,2,0,0,0,0,0,0,0,0,0,1,0,0,0,0,0,0,0,0,0,0,0,0,0,0,1,0,0,0,2,0,0,1301
710,0,0,0,0,0,0,0,0,0,0,0,0,0,0,0,0,0,0,0,0,0,0,0,0,0,0,0,0,0,0,0,0,0,0,0,0,0,0,0,0,0,0,0,0,0,0,0,0,0,0,1301
711,0,0,0,0,2,0,0,1,3,1,0,1,0,1,1,0,0,0,0,0,0,0,0,0,0,0,0,1,0,1,0,0,0,0,0,0,0,0,0,0,0,0,0,0,2,0,0,1,0,0,1301
712,0,0,0,0,6,0,1,2,4,0,1,0,1,1,1,1,1,0,0,0,1,0,0,1,0,1,1,2,0,0,1,0,1,0,0,1,1,1,1,1,2,1,1,1,2,0,0,2,1,1,1301
713,0,0,2,0,6,2,1,1,4,0,2,1,0,2,0,1,0,1,0,0,2,0,0,0,0,0,1,1,0,0,0,0,1,0,0,2,1,0,0,0,3,0,0,1,0,1,0,3,1,1,1301
714,0,0,0,0,0,0,0,0,3,0,0,0,0,1,4,0,0,0,0,2,0,0,0,0,0,0,0,0,1,0,0,0,0,0,0,0,0,0,0,0,0,0,0,0,0,0,0,3,0,0,1301
715,0,0,0,0,7,1,1,0,4,0,1,0,1,1,2,1,1,0,0,2,1,0,0,1,0,1,1,2,0,0,1,0,1,0,0,1,1,1,1,1,0,1,1,1,0,0,0,1,1,1,1301
716,0,0,0,0,0,0,0,0,0,0,0,0,0,0,0,0,1,0,0,0,0,4,0,0,0,0,0,0,0,0,0,0,0,0,0,0,0,0,0,0,0,0,0,0,0,0,0,0,0,0,1301
717,0,0,0,0,6,0,0,0,1,0,0,0,0,0,1,0,0,0,0,2,0,0,0,0,0,0,0,0,1,1,0,0,0,0,0,0,1,0,0,0,0,0,0,1,0,0,0,0,0,0,1301
718,0,0,0,1,0,0,0,0,0,0,0,0,0,0,0,0,0,0,0,0,0,0,0,0,0,0,0,0,0,0,0,0,0,0,0,0,0,0,0,0,0,0,0,0,0,0,0,0,0,0,1301
719,0,0,0,0,2,0,0,1,3,1,0,1,0,1,1,0,0,0,0,0,0,0,0,0,0,0,0,1,0,1,0,0,0,0,0,0,0,0,0,0,0,0,0,0,2,0,0,1,0,0,1301
720,0,0,0,0,0,0,1,0,0,0,0,0,0,0,0,0,0,0,0,0,0,0,0,0,0,0,0,0,0,0,0,0,0,0,0,0,0,0,0,0,0,0,0,0,0,0,0,0,0,0,1301
721,0,0,0,0,0,0,2,1,3,0,0,0,0,0,0,0,0,0,0,1,0,0,0,0,0,0,0,0,1,0,0,4,0,0,0,0,0,0,0,0,0,0,0,0,0,0,0,0,0,0,1301
722,0,0,1,0,0,0,0,0,0,0,0,0,0,0,0,1,0,0,0,0,0,0,1,0,2,0,2,1,0,0,0,0,0,0,0,3,0,0,0,0,0,0,0,0,0,0,0,0,0,0,1301
723,0,0,0,0,0,0,0,0,0,0,0,0,0,0,0,1,0,0,0,0,0,0,0,0,0,0,0,0,0,0,0,0,0,0,0,0,0,0,0,0,0,0,0,0,0,0,0,0,0,0,1301
724,0,2,0,0,7,2,1,2,4,0,1,0,1,1,1,1,1,0,0,1,0,0,0,1,0,1,1,2,0,0,1,0,1,2,0,1,1,1,1,1,0,1,1,1,2,0,0,0,1,0,1301
725,0,0,0,0,0,0,0,0,0,0,0,0,0,0,0,0,0,0,0,0,0,0,0,0,0,0,0,0,0,0,0,0,0,0,0,0,0,0,0,0,0,0,0,0,0,0,0,0,0,0,1301
726,0,0,6,0,0,0,0,0,0,0,0,0,0,0,0,0,0,0,0,0,0,0,6,0,1,0,0,0,0,0,0,0,0,0,0,0,0,0,0,0,0,0,0,0,0,0,0,0,0,0,1301
727,0,0,0,1,0,0,0,0,0,0,0,0,0,0,0,0,0,0,0,0,0,0,0,0,1,0,0,0,0,0,0,0,0,0,0,0,0,0,0,0,0,0,0,0,0,0,0,0,0,0,1301
728,0,0,0,0,8,1,1,2,4,0,1,0,1,1,0,1,1,0,0,1,0,0,0,1,0,1,1,2,0,0,1,0,1,1,0,1,1,0,1,1,2,0,1,1,2,0,0,2,1,1,1301
729,0,0,0,0,7,0,1,1,4,0,1,0,1,1,1,1,1,0,2,0,1,0,0,1,0,1,1,2,0,0,1,0,1,0,0,1,1,1,1,1,0,1,1,1,0,0,0,2,1,0,1301
730,0,0,0,4,0,0,0,0,0,0,0,0,0,0,0,0,0,0,0,0,0,0,0,0,4,0,0,0,0,1,0,0,0,0,0,1,0,0,0,0,0,0,0,0,0,0,5,0,0,0,1301
731,0,0,0,0,0,0,0,0,0,0,0,0,0,0,0,0,0,0,0,0,0,2,0,0,0,0,0,0,0,0,0,0,0,0,0,0,0,0,0,0,0,0,0,0,0,0,0,0,0,0,1301
732,0,0,0,0,0,0,0,0,0,0,0,0,0,0,0,0,0,0,0,0,0,2,0,0,1,0,0,0,0,0,0,0,0,0,0,0,0,0,0,0,0,0,0,0,0,0,0,0,0,0,1301
733,0,0,0,0,0,0,0,0,0,0,0,0,0,0,0,0,0,0,0,0,0,0,0,0,0,0,0,0,0,0,0,0,0,0,0,0,0,0,0,0,0,0,0,0,0,0,0,0,0,0,1301
734,0,0,0,2,0,0,0,0,0,0,0,0,0,0,0,0,0,0,0,0,0,0,0,0,0,0,0,0,0,0,0,0,0,0,0,0,0,0,0,0,0,0,0,0,0,0,0,0,0,0,1301
735,0,0,1,0,0,0,0,0,0,0,0,0,0,0,0,0,0,0,0,0,0,0,1,0,0,0,0,0,0,0,0,0,0,0,0,0,0,0,0,0,0,0,0,0,0,0,0,0,0,0,1301
736,0,0,0,0,0,0,0,0,0,0,0,0,0,0,0,0,0,0,0,0,0,3,0,0,1,0,0,0,0,0,0,0,0,0,0,0,0,0,0,0,0,0,0,0,0,0,0,0,0,0,1301
737,0,0,0,0,0,0,0,0,0,0,0,0,0,0,0,0,0,0,0,0,0,0,0,0,0,0,0,0,0,0,0,0,0,0,0,0,0,0,0,0,0,0,0,0,0,0,0,0,0,0,1301
738,0,0,0,0,0,0,0,0,0,0,0,0,0,0,0,0,0,0,1,0,0,0,0,0,2,0,0,0,0,0,0,0,0,0,0,0,0,0,0,0,0,0,0,0,0,0,0,0,0,0,1301
739,0,0,2,0,0,0,0,0,0,0,0,0,0,0,0,0,0,0,0,0,0,0,2,0,0,0,0,0,0,0,0,0,0,0,0,0,0,0,0,0,0,0,0,0,0,0,0,0,0,0,1301
740,0,0,0,0,0,0,0,0,0,0,0,0,0,0,0,0,0,0,0,0,0,0,0,0,0,0,0,0,0,0,0,0,0,0,0,0,0,0,0,0,0,0,0,0,0,0,0,0,0,0,1301
741,0,0,0,0,0,0,0,0,0,0,0,0,0,0,0,0,0,0,0,0,0,0,0,0,0,0,0,0,0,0,0,0,0,0,0,0,0,0,0,0,0,0,0,0,0,0,0,0,0,0,1301
742,0,0,1,0,0,0,0,0,0,0,0,0,0,0,0,0,0,0,0,0,0,0,1,0,0,0,0,0,0,0,0,0,0,0,0,0,0,0,0,0,0,0,0,0,0,0,0,0,0,0,1301
743,0,0,0,0,3,0,0,0,7,0,0,0,0,0,3,0,0,0,0,0,0,0,0,0,0,0,0,0,0,0,0,0,0,0,0,0,0,0,0,0,0,0,0,1,0,0,0,1,0,0,1301
744,0,0,0,1,0,0,0,0,0,0,0,0,0,0,0,0,0,0,0,0,0,0,0,0,0,0,0,0,0,0,0,0,0,0,0,0,0,0,0,0,0,0,0,0,0,0,0,0,0,0,1301
745,0,0,0,2,0,0,0,0,0,0,0,0,0,0,0,0,0,0,0,0,0,0,0,0,0,0,0,0,0,0,0,0,0,0,0,0,0,0,0,0,0,0,0,0,0,0,0,0,0,0,1301
746,0,2,0,0,6,2,1,2,4,0,1,0,1,1,1,1,1,0,0,1,1,0,0,1,0,1,1,2,0,0,1,0,1,2,2,1,1,1,1,1,0,1,1,1,2,0,0,0,1,0,1301
747,0,0,0,0,0,0,0,0,0,0,0,0,0,0,0,0,0,0,0,0,0,0,0,0,0,0,0,0,0,0,0,0,0,0,0,0,0,0,0,0,0,0,0,0,0,0,0,0,0,0,1301
748,0,0,1,0,0,0,0,0,0,0,0,0,0,0,0,0,0,0,0,0,0,0,1,0,0,0,0,0,0,0,0,0,0,0,0,0,0,0,0,0,0,0,0,0,0,0,0,0,0,0,1301
749,0,0,0,0,0,0,0,0,0,0,0,0,0,0,0,0,0,0,0,0,0,0,0,0,0,0,0,0,0,0,0,0,0,0,0,0,0,0,0,0,0,0,0,0,0,0,0,0,0,0,1301
750,0,0,0,0,0,0,0,0,0,0,0,0,0,0,0,0,0,0,0,0,0,0,0,0,0,0,0,0,0,0,0,0,0,0,0,0,0,0,0,0,0,0,0,0,0,0,0,0,0,0,1301
751,1,0,0,0,10,0,1,0,6,0,2,0,0,2,1,2,0,1,0,1,2,0,0,0,0,0,1,1,1,1,0,2,1,0,0,2,1,0,0,0,3,0,0,1,1,0,0,2,1,1,1301
752,0,0,0,0,0,0,0,0,0,0,0,0,0,0,0,0,0,0,0,0,0,0,0,0,0,0,0,0,0,0,0,0,0,0,0,0,0,0,0,0,0,0,0,0,0,0,0,0,0,0,1301
753,0,0,0,2,0,0,0,0,0,0,0,0,0,0,0,0,0,0,0,0,0,0,0,0,0,0,0,0,0,0,0,0,0,0,0,0,0,0,0,0,0,0,0,0,0,0,0,0,0,0,1301
754,0,0,0,0,0,0,0,0,0,0,0,0,0,0,0,0,1,0,0,0,0,3,0,0,2,0,0,0,0,0,0,0,0,0,0,0,0,0,0,0,0,0,0,0,0,0,0,0,0,0,1301
755,0,0,2,0,0,0,0,0,0,0,0,0,0,0,0,0,0,0,0,0,0,0,2,0,2,0,0,0,0,0,0,0,0,0,0,1,0,0,0,0,1,0,0,0,0,0,0,0,0,0,1301
756,0,0,0,0,0,0,0,0,0,0,0,0,0,0,0,0,0,0,0,0,0,0,0,0,0,0,0,0,0,0,0,0,0,0,0,0,0,0,0,0,0,0,0,0,0,0,0,0,0,0,1301
757,0,1,0,0,6,1,1,1,4,1,1,0,1,1,1,1,1,0,0,0,1,0,0,1,0,1,1,2,0,0,1,0,1,1,2,1,1,1,1,1,0,1,1,1,2,0,0,2,1,1,1301
758,0,0,0,0,0,0,0,0,0,0,0,0,0,0,0,0,0,0,0,0,0,0,0,0,0,0,0,0,0,0,0,0,0,0,0,0,0,0,0,0,0,0,0,0,0,0,0,0,0,0,1301
759,0,0,0,0,2,0,0,3,2,1,0,0,0,1,1,0,0,0,2,2,0,0,0,0,0,0,0,0,1,0,0,0,0,0,0,0,0,0,0,0,0,0,0,1,0,0,0,1,0,0,1301
760,0,0,0,0,0,0,0,0,0,0,0,0,0,0,0,0,0,0,0,0,0,3,0,0,0,0,0,0,0,0,0,0,0,0,0,0,0,0,0,0,0,0,0,0,0,0,0,0,0,0,1301
761,0,0,0,1,0,0,0,0,0,0,0,0,0,0,0,0,0,0,0,0,0,0,0,0,0,0,0,0,0,0,0,0,0,0,0,0,0,0,0,0,0,0,0,0,0,0,2,0,0,0,1301
762,0,0,0,0,8,0,1,0,6,0,1,0,1,1,0,1,1,0,0,0,1,0,0,1,0,1,1,2,0,0,1,2,1,0,0,3,1,1,1,1,0,1,1,1,1,0,0,0,1,1,1301
763,0,0,0,0,7,0,1,1,3,3,0,1,1,1,1,0,0,0,0,0,0,0,0,0,0,0,0,1,0,0,0,0,0,0,0,0,1,1,1,1,0,0,0,1,2,0,0,0,1,0,1301
764,0,2,0,0,6,2,1,2,4,0,1,0,1,1,1,1,1,0,2,3,0,0,0,1,0,1,1,2,0,0,1,0,1,0,0,1,1,1,1,1,0,1,1,1,2,0,0,2,1,0,1301
765,0,0,0,0,5,1,1,2,6,0,1,0,1,1,0,1,1,0,2,0,0,0,0,0,0,1,1,2,0,0,1,0,1,0,0,1,1,1,1,1,2,0,1,1,0,0,0,2,1,1,1301
766,0,0,2,0,0,0,0,0,0,0,0,0,0,0,0,0,0,0,0,0,0,0,2,0,3,0,0,0,0,0,0,0,0,0,0,0,0,0,0,0,0,0,0,0,0,0,0,0,0,0,1301
767,0,0,0,0,0,0,0,0,0,0,0,0,0,0,0,0,0,0,0,0,0,0,0,0,0,0,0,0,0,0,0,0,0,0,0,0,0,0,0,0,0,0,0,0,0,0,0,0,0,0,1301
768,0,0,0,0,0,0,0,0,0,0,0,0,0,0,0,0,0,0,0,0,0,1,0,0,0,0,0,0,0,0,0,0,0,0,0,0,0,0,0,0,0,0,0,0,0,0,0,0,0,0,1301
769,0,0,0,0,0,0,0,0,0,0,0,0,0,0,0,0,0,0,0,0,0,0,0,0,0,0,0,0,0,0,0,0,0,0,0,0,0,0,0,0,0,0,0,0,0,0,0,0,0,0,1301
770,0,0,0,0,8,0,1,2,6,0,1,0,1,1,0,1,1,1,0,0,1,0,0,1,0,1,1,2,0,0,1,0,1,0,0,1,1,1,1,1,0,1,1,1,1,1,0,0,1,1,1301
771,0,0,0,0,2,0,0,1,3,1,0,1,0,1,1,0,0,0,0,0,0,0,0,0,0,0,0,1,0,1,0,0,0,0,0,0,0,0,0,0,0,0,0,0,2,0,0,0,0,0,1301
772,0,0,0,0,2,0,0,1,4,1,0,1,0,1,1,0,0,0,0,0,0,0,0,0,0,0,0,1,0,1,0,0,0,0,0,0,0,0,0,0,0,0,0,0,2,0,0,0,0,0,1301
773,0,0,0,0,4,0,1,0,1,0,0,0,0,0,3,1,0,0,0,7,0,0,0,0,0,0,0,0,1,1,0,0,0,0,0,0,0,1,0,0,0,1,0,0,0,0,0,0,0,0,1301
774,0,0,0,2,0,0,0,0,0,0,0,0,0,0,0,0,0,0,0,0,0,0,0,0,0,0,0,0,0,0,0,0,0,0,0,0,0,0,0,0,0,0,0,0,0,0,0,0,0,0,1301
775,0,0,2,0,0,0,0,0,0,0,0,0,0,0,0,0,0,0,0,0,0,0,2,0,0,0,0,0,0,0,0,0,0,0,0,0,0,0,0,0,0,0,0,0,0,0,0,0,0,0,1301
776,0,0,0,0,4,0,1,0,1,0,0,0,0,0,3,1,0,0,0,7,0,0,0,0,0,0,0,0,1,1,0,0,0,0,1,0,0,1,0,0,0,1,0,0,0,0,0,0,0,0,1301
777,1,0,0,0,2,0,0,0,3,1,0,1,0,1,1,0,0,0,0,0,0,0,0,0,0,0,0,1,0,1,0,0,0,0,0,0,0,0,0,0,0,0,0,0,2,0,0,1,0,0,1301
778,0,0,0,0,2,0,0,1,3,1,0,1,0,1,1,0,0,0,0,0,0,0,0,0,0,0,0,1,0,1,0,0,0,0,0,0,0,0,0,0,0,0,0,0,2,0,0,1,0,0,1301
779,0,2,0,0,7,2,1,2,4,0,1,0,1,1,1,1,1,0,0,1,0,0,0,1,0,1,1,2,0,0,1,0,1,2,0,1,1,1,1,1,0,1,1,1,2,0,0,0,1,0,1301
780,0,0,1,0,0,0,0,0,0,0,0,0,0,0,0,0,0,0,0,0,0,0,1,0,0,0,0,0,0,0,0,0,0,0,1,0,0,0,0,0,0,0,0,0,0,0,1,0,0,0,1301
781,0,0,0,0,0,0,0,0,0,0,0,0,0,0,0,0,0,0,0,0,0,4,0,0,0,0,0,0,0,0,0,0,0,0,0,0,0,0,0,0,0,0,0,0,0,0,0,0,0,0,1301
782,0,0,0,0,0,0,0,0,0,0,0,0,0,0,0,0,0,0,0,0,0,0,0,0,0,0,0,0,0,0,0,0,0,0,0,0,0,0,0,0,0,0,0,0,0,0,0,0,0,0,1301
783,0,0,0,0,5,2,1,2,4,0,1,0,1,1,3,1,1,0,0,4,1,0,0,1,0,0,1,2,0,0,1,0,1,2,0,1,0,0,1,1,1,0,1,1,0,0,0,2,0,1,1301
784,0,0,0,0,0,0,0,0,0,0,0,0,0,0,0,0,0,0,0,0,0,0,0,0,0,0,0,0,0,0,0,0,0,0,0,0,0,0,0,0,0,0,0,0,0,0,0,0,0,0,1301
785,0,0,0,0,5,2,1,0,4,0,0,0,1,1,3,1,1,0,0,2,0,0,0,1,0,0,1,2,0,0,1,0,1,2,1,1,0,0,1,1,0,0,1,1,0,0,0,0,0,0,1301
786,0,0,0,3,0,0,0,0,0,0,0,0,0,0,0,0,0,0,0,0,0,0,0,0,1,0,0,0,0,0,0,0,0,0,0,1,0,0,0,0,0,0,0,0,0,0,5,0,0,0,1301
787,0,0,0,0,0,0,0,0,0,0,0,0,0,0,0,0,0,0,0,0,0,0,0,0,0,0,0,0,0,0,0,0,0,0,0,0,0,0,0,0,0,0,0,0,0,0,0,0,0,0,1301
788,0,0,0,0,5,0,1,3,0,0,0,1,0,0,1,0,0,0,1,0,0,0,0,0,0,1,2,1,1,1,0,0,1,0,0,0,1,0,0,1,0,1,0,1,0,0,0,1,1,1,1301
789,0,0,0,0,0,0,0,0,0,0,0,0,0,0,0,0,0,0,0,0,0,2,0,0,0,0,0,0,0,0,0,0,0,0,0,0,0,0,0,0,0,0,0,0,0,0,0,0,0,0,1301
790,0,0,0,0,0,0,0,0,0,0,0,0,0,0,0,1,0,0,0,0,0,0,0,0,0,0,0,0,0,0,0,0,0,0,0,0,0,0,0,0,0,0,0,0,0,0,0,0,0,0,1301
791,0,0,0,3,0,0,0,0,0,0,0,0,0,0,0,0,0,0,0,0,0,0,0,0,0,0,0,0,0,0,0,0,0,0,0,0,0,0,0,0,0,0,0,0,0,0,2,0,0,0,1301
792,0,2,0,0,6,1,1,2,4,0,1,0,1,1,1,1,1,0,0,1,1,0,0,1,0,1,1,2,0,0,1,0,1,1,2,1,1,1,1,1,0,1,1,1,2,0,0,0,1,1,1301
793,0,0,2,0,0,0,0,0,0,0,0,0,0,0,0,0,0,0,0,0,0,0,2,0,0,0,0,0,0,0,0,0,0,0,0,0,0,0,0,0,0,0,0,0,0,0,0,0,0,0,1301
794,0,0,2,0,0,0,0,0,0,0,0,1,0,0,0,0,0,0,0,1,0,0,2,0,4,0,0,2,0,0,0,0,0,1,0,1,0,0,0,0,0,0,0,0,0,0,0,0,0,0,1301
795,0,0,1,0,0,0,0,0,0,0,0,0,0,0,0,0,0,0,0,0,0,0,1,0,0,0,0,0,0,0,0,0,0,0,0,0,0,0,0,0,0,0,0,0,0,0,0,0,0,0,1301
796,0,0,0,0,5,1,0,0,1,0,0,0,0,0,1,0,0,0,0,2,0,0,0,0,0,0,0,0,1,1,0,0,0,0,0,0,1,0,0,0,0,0,0,1,0,0,0,0,0,0,1301
797,0,0,0,0,8,0,1,2,6,0,1,0,1,1,0,1,1,1,0,0,1,0,0,1,0,1,1,2,0,0,1,0,1,0,0,1,1,1,1,1,0,1,1,1,1,1,0,0,1,1,1301
798,0,0,0,0,0,0,0,0,0,0,0,0,0,0,0,0,0,0,0,0,0,0,0,0,0,0,0,0,0,0,0,0,0,0,0,0,0,0,0,0,0,0,0,0,0,0,0,0,0,0,1301
799,0,0,0,0,8,0,1,0,4,0,2,0,0,2,1,2,0,1,0,2,1,0,0,0,0,0,1,1,0,1,0,0,1,0,0,2,1,0,0,0,2,0,0,1,0,1,0,2,0,1,1301
800,0,0,0,0,0,0,0,0,0,0,0,0,0,0,0,0,0,0,0,0,0,0,0,0,0,0,0,0,0,0,0,0,0,0,0,0,0,0,0,0,0,0,0,0,0,0,0,0,0,0,1301
801,0,0,0,0,5,0,1,3,0,0,0,1,0,0,1,0,0,0,1,0,0,0,0,0,0,1,2,1,1,1,0,0,1,0,0,0,1,0,0,1,0,1,0,1,0,0,0,1,1,1,1301
802,0,0,0,0,0,0,0,0,0,0,0,0,0,0,0,0,0,0,0,0,0,0,0,0,0,0,0,0,0,0,0,0,0,0,0,0,0,0,0,0,0,0,0,0,0,0,0,0,0,0,1301
803,0,0,2,0,0,0,0,0,0,0,0,0,0,0,0,0,0,0,0,0,0,0,2,0,0,0,0,0,0,0,0,0,0,0,0,0,0,0,0,0,0,0,0,0,0,0,0,0,0,0,1301
804,0,0,0,4,0,0,0,0,0,0,0,0,0,0,0,0,0,0,0,0,0,0,0,0,3,0,0,0,0,0,0,0,0,0,0,2,0,0,0,0,0,0,0,0,0,0,4,0,0,0,1301
805,0,0,0,0,0,0,0,0,0,0,0,0,0,0,0,0,0,0,0,0,0,0,0,0,0,0,0,0,0,0,0,0,0,0,0,0,0,0,0,0,0,0,0,0,0,0,0,0,0,0,1301
806,0,0,0,2,0,0,0,0,0,0,0,0,0,0,0,0,0,0,0,0,0,0,0,0,0,0,0,0,0,0,0,0,0,0,0,0,0,0,0,0,0,0,0,0,0,0,0,0,0,0,1301
