,amd,compatible,connexion,core,directx,disque,espace,geforce,ghz,go,hd,intel,internet,jeu,nvidia,processeur,radeon,requise,syst√®me,windows,category_code
0,1,0,2,1,0,0,0,2,1,1,0,2,2,3,2,1,1,2,2,5,2905
1,0,0,0,0,0,0,0,0,0,0,0,0,0,2,0,0,0,0,0,0,2905
2,2,0,1,1,1,3,3,5,3,5,2,2,1,3,5,1,3,2,3,2,2905
3,0,0,1,0,0,0,0,0,0,0,0,0,1,3,0,1,0,2,3,2,2905
4,4,2,1,2,2,0,0,2,2,0,0,2,1,2,2,0,1,2,0,2,2905
5,0,0,0,0,0,0,0,0,0,0,0,0,0,1,0,0,0,0,0,0,2905
6,0,1,1,0,1,1,0,0,0,0,0,0,1,6,0,0,0,2,0,1,2905
7,2,2,1,2,2,0,0,2,2,0,2,2,3,3,0,0,2,1,0,4,2905
8,0,0,1,2,3,1,0,0,4,0,0,0,1,2,0,1,0,2,2,5,2905
9,5,4,2,2,4,2,2,6,3,0,3,2,4,4,3,2,10,1,3,10,2905
10,1,0,2,2,3,0,2,1,1,4,2,2,1,2,2,2,2,2,2,2,2905
11,1,1,1,2,0,3,1,5,3,4,2,3,4,5,5,1,3,1,3,3,2905
12,0,0,0,1,0,0,0,0,0,0,0,0,0,1,0,0,0,0,0,0,2905
13,0,0,0,0,0,0,0,0,0,0,0,0,0,1,0,0,0,0,0,0,2905
14,0,0,1,3,0,0,0,2,1,0,0,1,1,2,0,2,0,2,2,2,2905
15,0,0,1,0,0,0,0,0,0,0,0,0,1,4,0,0,0,1,0,1,2905
16,2,0,1,1,1,3,3,5,3,5,2,2,1,6,5,1,3,2,3,2,2905
17,1,1,2,0,2,1,1,1,1,3,1,1,2,4,1,2,1,1,1,4,2905
18,0,0,1,2,0,2,2,2,2,5,1,0,1,3,3,2,0,2,2,9,2905
19,0,2,0,2,2,2,2,0,2,4,0,0,1,2,0,2,0,1,3,6,2905
20,0,2,1,0,4,0,0,0,0,0,0,0,2,3,0,0,0,1,0,0,2905
21,0,0,0,0,0,0,0,0,2,0,0,0,0,2,0,0,0,1,0,0,2905
22,0,0,0,0,0,0,0,0,0,0,0,0,0,1,0,0,0,0,0,0,2905
23,0,0,0,0,0,0,0,0,0,0,0,0,0,3,0,0,0,0,0,0,2905
24,0,0,0,0,0,0,0,0,0,0,0,0,0,1,0,0,0,0,0,0,2905
25,0,0,0,0,0,0,0,0,0,0,0,0,0,1,0,0,0,0,0,0,2905
26,0,0,0,0,0,0,1,0,0,1,0,0,0,8,0,0,0,1,2,1,2905
27,0,0,1,0,0,6,6,3,0,6,0,0,1,6,0,3,0,1,4,2,2905
28,0,2,1,3,1,2,3,0,0,6,4,6,1,3,0,2,0,1,3,2,2905
29,0,0,0,0,0,0,0,0,0,0,0,0,0,1,0,0,0,0,0,0,2905
30,3,0,1,3,1,0,0,3,3,0,3,3,1,3,3,0,0,2,0,2,2905
31,0,0,0,0,0,0,0,0,0,0,0,0,0,1,0,0,0,0,0,0,2905
32,0,0,1,2,1,0,0,2,0,0,0,1,1,2,0,2,0,1,2,4,2905
33,0,0,0,0,0,0,0,0,0,0,0,0,0,5,0,0,0,0,0,0,2905
34,4,2,1,2,0,2,0,3,0,0,1,2,1,3,3,2,2,2,2,8,2905
35,0,0,0,0,0,0,0,0,0,0,0,0,0,0,0,0,0,0,0,0,2905
36,4,2,1,4,4,3,0,3,4,7,3,4,2,6,3,3,2,2,3,2,2905
37,0,1,1,3,1,0,2,3,3,0,3,3,4,5,3,2,0,2,5,2,2905
38,0,0,0,0,0,0,0,0,0,0,0,0,0,2,0,0,0,0,0,0,2905
39,0,0,1,1,0,0,0,1,0,0,1,2,3,5,1,0,1,1,0,0,2905
40,0,0,0,0,0,0,0,0,0,0,0,0,0,1,0,0,0,0,0,0,2905
41,4,0,3,2,0,0,2,2,2,4,2,2,1,2,2,2,2,2,2,0,2905
42,5,4,2,2,4,2,2,6,3,0,3,2,4,4,3,2,10,1,3,10,2905
43,0,0,1,0,2,0,0,0,2,0,0,0,1,3,0,0,0,2,0,1,2905
44,0,0,0,0,0,0,0,0,0,0,0,0,0,2,0,0,0,0,0,0,2905
45,0,0,0,2,0,0,0,0,1,2,0,2,0,2,0,2,0,1,1,1,2905
46,0,0,0,0,0,0,0,0,0,0,0,0,0,1,0,0,0,0,0,0,2905
47,0,0,0,0,0,0,0,0,0,0,0,0,0,1,0,0,0,0,0,0,2905
48,0,2,1,0,2,1,1,0,0,1,0,0,1,3,0,0,0,2,1,1,2905
49,0,0,0,0,0,0,0,0,0,0,0,0,0,4,0,0,0,0,0,0,2905
50,0,1,1,0,1,0,1,0,1,1,0,0,1,3,0,1,0,2,2,3,2905
51,4,0,1,2,2,0,0,2,2,0,2,2,1,6,2,2,2,2,3,0,2905
52,1,0,1,0,0,0,0,0,0,1,1,3,1,3,3,3,0,2,2,0,2905
53,0,4,1,2,2,0,0,2,2,2,2,0,1,9,2,2,2,1,2,10,2905
54,6,2,5,3,3,8,4,4,0,0,1,4,5,8,4,1,4,1,6,4,2905
55,4,0,1,2,0,0,0,3,0,0,0,2,1,7,0,0,3,1,0,4,2905
56,0,1,2,1,2,0,2,0,0,1,0,2,2,6,1,0,0,1,2,2,2905
57,0,3,0,0,2,0,1,0,1,2,0,0,0,6,0,1,0,1,1,1,2905
58,1,2,1,5,2,0,0,3,3,0,12,7,1,3,2,1,3,2,5,5,2905
59,4,4,1,2,2,2,7,2,2,3,2,2,1,7,2,2,2,2,2,10,2905
60,4,2,1,2,4,0,0,1,0,0,1,2,3,2,2,0,1,1,0,4,2905
61,0,0,0,0,0,0,0,0,0,0,0,0,0,1,0,0,0,0,0,0,2905
62,0,0,1,3,0,0,0,3,3,3,0,0,1,3,3,3,3,2,1,0,2905
63,1,0,1,1,4,0,0,2,0,0,2,0,3,4,2,2,2,2,2,2,2905
64,0,1,1,0,1,1,1,1,0,1,0,0,2,5,1,0,1,2,1,1,2905
65,2,3,1,2,6,0,0,2,4,5,2,2,1,5,0,0,2,1,0,7,2905
66,2,2,1,4,2,8,8,4,2,0,2,4,1,3,0,4,2,1,6,4,2905
67,8,8,1,4,6,6,2,4,6,0,0,4,1,3,4,4,2,1,4,14,2905
68,0,0,0,0,0,0,0,0,0,0,0,0,0,2,0,0,0,0,0,0,2905
69,2,0,1,3,0,0,0,1,3,0,3,4,1,7,0,0,2,1,4,4,2905
70,0,2,1,2,2,0,0,2,2,1,2,0,1,4,2,1,2,1,2,4,2905
71,0,0,1,2,4,0,0,0,0,0,1,0,1,2,0,2,0,1,2,4,2905
72,6,2,1,1,2,5,3,3,2,7,1,4,1,6,4,3,2,1,3,8,2905
73,0,0,1,4,0,0,0,0,0,0,2,2,1,3,0,0,0,1,0,4,2905
74,2,2,1,0,0,0,0,2,0,0,0,2,1,2,0,0,2,1,0,2,2905
75,1,0,1,1,1,2,1,1,0,2,1,0,1,2,1,0,1,1,1,2,2905
76,2,0,3,2,0,4,2,2,3,6,2,4,3,4,1,2,2,1,2,5,2905
77,2,0,1,1,0,0,0,0,0,0,3,4,1,3,2,0,0,2,3,2,2905
78,0,2,1,0,2,0,0,0,0,0,0,2,1,2,0,0,0,1,0,4,2905
79,6,2,1,6,2,12,9,6,0,0,0,3,1,3,0,10,3,1,6,4,2905
80,1,2,4,1,4,0,2,1,2,5,1,0,5,2,1,2,1,1,2,4,2905
81,0,0,1,0,0,1,0,0,2,0,0,0,1,2,0,2,0,2,2,2,2905
82,0,0,0,0,0,0,0,0,0,0,0,0,0,1,0,0,0,0,0,0,2905
83,0,2,1,0,2,2,1,1,1,1,0,1,1,7,1,0,1,1,1,2,2905
84,6,0,1,0,1,0,0,2,2,0,1,4,1,3,2,0,2,0,1,3,2905
85,0,0,0,0,0,0,0,0,0,0,0,0,0,1,0,0,0,0,0,0,2905
86,0,0,0,0,0,0,0,0,0,0,0,0,0,3,0,0,0,0,1,0,2905
87,0,0,1,0,0,0,0,0,0,0,0,0,1,4,0,0,0,1,0,2,2905
88,3,2,2,2,2,0,3,2,0,5,1,2,2,3,1,3,2,2,2,6,2905
89,0,2,1,4,4,0,0,3,1,0,2,2,5,6,1,4,3,2,4,3,2905
90,0,4,1,0,3,1,1,0,1,1,0,0,1,4,0,1,0,2,7,1,2905
91,0,0,0,0,0,0,0,0,0,0,0,0,0,1,0,0,0,0,0,0,2905
92,4,0,1,2,4,0,2,2,2,4,1,2,1,3,2,2,2,2,3,6,2905
93,7,2,1,3,3,4,4,4,3,4,4,3,1,3,4,2,3,2,2,6,2905
94,0,0,0,0,0,0,0,0,0,0,0,0,0,1,0,0,0,0,0,0,2905
95,0,3,1,4,1,3,1,0,5,6,1,1,1,6,0,4,0,2,0,2,2905
96,3,2,1,2,2,1,0,1,4,0,2,2,1,5,0,0,1,2,1,5,2905
97,2,0,3,2,3,4,2,2,0,0,1,2,5,4,2,0,2,2,2,6,2905
98,0,2,1,2,1,2,2,1,0,4,0,2,1,6,0,2,0,2,2,2,2905
99,0,0,0,0,0,0,0,0,0,0,0,0,0,1,0,0,0,0,0,0,2905
100,0,1,4,1,0,0,0,3,1,3,4,3,4,6,3,5,2,2,4,3,2905
101,9,10,1,16,6,6,6,4,4,14,4,10,1,3,10,7,2,2,6,4,2905
102,0,2,1,0,1,0,0,0,1,0,0,0,1,3,0,2,0,1,2,2,2905
103,2,0,1,2,2,0,0,1,0,0,1,3,3,5,0,0,2,1,0,4,2905
104,0,0,1,2,4,0,0,2,0,0,0,2,3,3,2,0,0,1,0,4,2905
105,4,0,1,2,2,0,0,0,0,0,0,2,1,4,2,0,0,1,0,8,2905
106,2,2,1,2,2,0,0,2,2,0,2,2,3,3,0,0,2,1,0,4,2905
107,0,2,1,0,8,0,0,0,0,0,0,0,1,5,0,0,0,1,0,4,2905
108,0,0,1,0,0,0,0,0,1,1,0,0,1,2,0,0,0,2,1,1,2905
109,0,0,0,0,0,0,0,0,0,0,0,0,0,1,0,0,0,0,0,0,2905
110,0,0,0,0,0,0,0,0,0,0,0,0,0,1,0,0,0,0,0,0,2905
111,0,0,0,0,0,0,0,0,0,0,0,0,0,2,0,0,0,0,1,0,2905
112,0,2,1,0,2,1,1,0,0,1,0,0,1,3,0,1,0,2,1,3,2905
113,1,2,2,2,2,0,1,2,2,6,2,1,2,6,2,0,2,1,2,4,2905
114,0,0,1,1,0,0,0,1,0,0,2,1,1,3,0,0,0,1,0,2,2905
115,0,0,0,0,0,0,0,0,0,0,0,0,0,1,0,0,0,0,0,0,2905
116,0,1,0,1,1,0,1,1,1,2,1,0,0,5,1,1,1,1,1,4,2905
117,0,0,1,1,0,1,0,1,0,1,0,0,1,4,0,1,1,1,1,2,2905
118,1,2,1,1,1,2,0,2,0,0,2,2,3,7,2,2,2,3,0,5,2905
119,0,0,0,0,0,0,0,0,0,0,0,0,0,3,0,0,0,0,0,0,2905
120,0,0,0,0,0,0,0,0,0,0,0,0,0,1,0,0,0,0,0,0,2905
121,7,6,2,3,8,4,6,1,3,2,3,5,2,4,6,0,3,2,4,5,2905
122,4,0,1,1,1,0,0,3,0,1,3,2,1,3,2,0,2,2,2,7,2905
123,0,0,0,0,0,0,0,0,0,0,0,0,0,1,0,0,0,0,0,0,2905
124,0,0,0,0,0,0,0,0,0,0,0,0,0,2,0,0,0,0,0,0,2905
125,6,4,5,6,2,0,6,5,4,17,5,6,5,4,7,0,6,1,6,4,2905
126,2,0,1,0,2,4,2,2,0,4,0,0,1,4,0,2,0,1,2,4,2905
127,3,0,1,1,0,4,4,2,4,0,0,2,1,3,1,0,2,1,2,4,2905
128,0,2,1,1,2,1,1,1,1,2,2,2,1,4,1,0,1,2,1,1,2905
129,0,0,0,0,0,0,0,0,0,0,0,0,0,11,0,0,0,0,1,0,2905
130,1,0,2,2,1,2,1,0,2,0,0,0,2,3,1,1,0,1,1,2,2905
131,0,0,0,0,0,0,0,0,0,0,0,0,0,1,0,0,0,0,0,0,2905
132,4,0,1,2,2,0,0,0,0,0,2,2,3,6,0,0,0,1,0,4,2905
133,0,0,0,0,0,0,0,0,0,0,0,0,0,1,0,0,0,0,0,0,2905
134,0,0,1,1,0,1,0,0,1,2,0,1,1,3,0,1,0,2,1,1,2905
135,0,0,1,1,0,0,0,0,0,0,3,0,1,6,0,1,0,2,3,2,2905
136,0,0,0,0,0,0,2,0,0,0,0,0,0,1,0,0,0,1,0,1,2905
137,4,2,1,2,2,2,4,2,0,6,1,2,1,7,2,4,2,1,2,8,2905
138,2,0,1,2,0,0,0,2,4,0,1,2,1,3,0,0,2,1,0,4,2905
139,0,3,1,0,3,0,0,2,3,0,0,0,1,2,2,0,0,2,0,2,2905
140,0,1,1,1,2,0,0,1,1,0,0,0,1,5,0,0,1,1,1,2,2905
141,0,0,0,1,0,0,0,0,0,0,0,0,0,1,0,0,0,0,0,0,2905
142,4,2,1,0,0,0,2,3,0,0,0,2,1,2,2,1,2,1,2,7,2905
143,0,0,0,0,0,0,0,0,0,0,0,0,0,3,0,0,0,0,0,0,2905
144,0,1,1,0,1,0,0,0,1,1,0,0,1,3,0,1,0,1,1,4,2905
145,2,0,1,0,0,0,0,2,4,0,0,2,1,2,0,0,2,1,0,4,2905
146,0,0,0,0,0,0,0,0,0,0,0,0,0,4,0,0,0,0,0,0,2905
147,0,2,1,2,4,4,4,2,0,1,0,2,1,2,2,0,0,1,2,4,2905
148,0,2,1,2,2,0,0,2,2,0,0,2,1,3,2,0,0,1,0,4,2905
149,3,0,1,2,1,4,4,2,2,0,2,2,1,3,2,2,2,2,4,3,2905
150,0,0,0,0,0,0,0,0,0,0,0,0,0,1,0,0,0,0,0,0,2905
151,0,0,0,0,0,0,1,0,0,0,0,0,0,5,0,0,0,0,0,0,2905
152,2,2,1,1,1,0,0,2,2,2,4,1,1,4,2,1,2,2,1,5,2905
153,3,3,1,2,2,1,1,1,1,3,1,2,1,2,2,1,1,2,1,1,2905
154,16,0,1,5,8,0,0,6,8,0,3,4,1,3,12,0,3,1,0,4,2905
155,4,0,1,0,0,0,2,2,0,2,1,2,1,5,2,2,2,1,4,4,2905
156,0,6,7,6,0,12,6,0,0,6,0,0,7,4,0,6,0,2,6,3,2905
157,0,0,1,0,0,5,5,0,0,0,0,0,1,9,0,0,0,1,4,4,2905
158,0,0,0,0,0,0,0,0,0,0,0,0,0,3,0,0,0,0,0,0,2905
159,2,2,0,1,2,0,0,2,0,0,0,0,0,3,2,2,2,2,2,2,2905
160,3,3,2,2,2,0,0,1,4,2,2,3,1,4,1,0,1,3,1,5,2905
161,0,0,1,0,1,4,4,2,0,4,0,2,1,3,0,1,0,2,4,2,2905
162,0,0,0,0,0,0,0,0,0,0,0,0,0,3,0,0,0,0,0,0,2905
163,0,0,1,2,2,0,0,2,0,0,0,2,2,5,0,0,0,1,0,6,2905
164,4,6,1,3,2,0,0,9,5,6,4,0,1,7,2,5,6,2,5,3,2905
165,0,0,0,0,0,0,0,0,0,0,0,0,0,4,0,0,0,0,0,0,2905
166,4,2,1,2,0,2,0,3,0,0,1,2,1,3,3,2,2,2,2,8,2905
167,0,0,1,2,0,0,0,2,0,0,0,2,1,3,0,0,0,2,0,2,2905
168,0,0,0,0,2,0,0,0,2,4,0,0,0,2,0,0,0,1,0,2,2905
169,0,0,0,0,0,1,1,0,1,1,0,1,0,4,0,1,0,1,0,0,2905
170,0,2,3,2,2,2,2,2,0,4,0,2,5,4,2,0,0,1,2,4,2905
171,0,1,1,3,1,0,1,3,3,0,3,3,4,3,3,2,0,2,5,2,2905
172,0,0,0,0,0,0,0,0,0,0,0,0,0,3,0,0,0,0,0,0,2905
173,0,0,0,0,0,0,0,0,0,0,0,0,0,4,0,0,0,0,0,0,2905
174,0,2,1,1,2,2,1,2,1,4,0,2,1,4,1,3,2,1,1,5,2905
175,0,0,0,0,0,0,0,0,0,0,0,0,0,2,0,0,0,0,0,0,2905
176,6,6,1,2,6,0,0,3,6,0,3,3,1,3,3,0,3,2,0,4,2905
177,0,0,0,0,0,0,0,0,0,0,0,0,0,1,0,0,0,0,0,0,2905
178,0,0,0,0,0,0,0,0,0,0,0,0,0,4,0,0,0,0,0,0,2905
179,0,0,0,0,0,0,0,0,0,0,0,0,0,1,0,0,0,0,0,0,2905
180,0,0,0,0,0,0,0,0,0,0,0,0,0,2,0,0,0,0,0,0,2905
181,0,0,0,0,0,0,0,0,0,0,0,0,0,2,0,0,0,0,0,0,2905
182,0,2,1,0,2,0,0,0,2,0,0,0,1,3,0,2,0,1,2,10,2905
183,0,0,0,0,0,0,0,0,0,0,0,0,0,1,0,0,0,0,0,0,2905
184,0,0,0,0,0,0,0,0,0,0,0,0,0,1,0,0,0,0,0,0,2905
185,2,1,1,2,1,2,2,2,3,4,1,2,1,3,2,2,0,2,2,6,2905
186,0,0,1,0,0,0,0,0,0,2,0,0,1,3,0,1,0,2,0,1,2905
187,0,0,1,3,0,0,0,0,2,0,0,2,1,3,0,2,0,2,3,2,2905
188,0,0,0,0,0,0,0,0,0,0,0,0,0,2,0,0,0,0,0,0,2905
189,2,0,1,4,1,3,3,3,3,6,1,3,1,4,3,3,2,2,5,2,2905
190,9,3,1,4,0,0,6,4,4,12,5,6,7,4,6,1,1,3,5,5,2905
191,8,8,1,4,6,6,2,4,6,0,0,4,1,2,4,4,2,1,4,14,2905
192,2,2,1,3,2,0,2,2,3,2,2,2,1,3,2,2,2,2,2,2,2905
193,2,0,1,1,1,3,3,5,3,6,2,2,1,4,5,1,3,1,3,2,2905
194,0,0,0,0,0,0,0,0,0,0,0,0,0,2,0,0,0,0,0,0,2905
195,9,0,5,6,1,5,6,6,0,16,5,6,5,3,0,6,6,2,6,3,2905
196,0,6,1,0,1,4,3,0,0,0,0,0,1,2,0,0,0,1,3,2,2905
197,2,0,1,2,0,0,0,0,1,0,0,3,1,2,0,0,1,2,0,1,2905
198,1,1,1,3,0,0,0,2,0,3,3,6,1,4,4,2,3,2,2,1,2905
199,1,0,1,2,0,4,4,2,2,0,2,3,1,4,3,3,3,1,4,4,2905
200,0,0,2,0,0,0,0,0,0,0,2,4,2,4,4,3,0,2,2,0,2905
201,0,0,0,0,0,0,0,0,0,0,1,0,0,1,0,0,0,0,0,0,2905
202,0,0,1,5,0,0,7,0,0,15,0,0,1,3,0,1,0,1,6,3,2905
203,2,3,1,0,3,0,2,1,2,2,0,2,1,6,0,2,1,1,2,6,2905
204,0,0,0,0,0,0,0,0,0,0,0,0,0,7,0,0,0,0,1,0,2905
205,6,3,3,2,3,2,2,0,0,3,7,2,3,7,4,2,0,1,4,8,2905
206,0,0,0,0,0,0,0,0,0,0,0,0,0,2,0,0,0,0,0,0,2905
207,0,0,0,0,0,0,0,0,0,0,0,0,0,1,0,0,0,0,0,0,2905
208,0,0,0,0,0,0,0,0,0,0,0,0,0,1,0,0,0,0,0,0,2905
209,1,0,1,1,0,0,0,1,2,0,0,1,1,3,0,0,1,2,0,1,2905
210,1,3,1,1,3,1,1,1,1,3,1,1,1,4,1,0,1,1,0,5,2905
211,0,0,1,0,1,0,0,0,0,0,0,1,1,4,0,0,0,2,0,1,2905
212,0,0,0,0,0,0,0,0,0,0,0,0,0,1,0,0,0,0,0,0,2905
213,0,1,1,1,2,0,0,1,1,0,0,1,1,4,1,0,0,1,0,2,2905
214,0,0,0,0,0,0,0,0,0,0,0,0,0,1,0,0,0,0,0,0,2905
215,4,0,1,2,0,0,2,0,0,8,0,2,1,3,2,2,2,1,2,4,2905
216,7,0,1,2,2,0,0,3,4,0,1,2,3,2,3,0,3,1,0,6,2905
217,0,0,2,0,0,0,0,0,0,0,2,4,2,5,4,3,0,2,2,0,2905
218,0,0,0,0,0,0,0,0,0,0,0,0,0,3,0,0,0,0,0,0,2905
219,0,2,1,0,2,1,1,0,0,1,0,0,1,2,0,1,0,2,1,3,2905
220,0,0,1,2,0,0,0,1,0,1,1,1,1,3,1,1,1,2,1,1,2905
221,1,2,2,3,5,0,2,2,1,8,2,1,2,5,2,0,2,1,2,6,2905
222,0,0,0,0,1,0,0,0,0,0,0,0,0,1,0,1,0,1,0,1,2905
223,0,0,0,0,0,0,0,0,0,0,0,0,0,1,0,0,0,0,0,0,2905
224,0,2,1,0,1,1,1,0,1,0,0,0,1,3,0,1,0,2,0,2,2905
225,4,2,3,4,4,2,0,2,4,7,2,2,3,2,1,2,2,2,2,2,2905
226,3,2,1,2,3,0,4,2,0,5,1,2,1,2,1,2,2,1,2,6,2905
227,4,6,3,2,6,0,0,2,4,0,2,2,3,3,2,2,2,3,4,18,2905
228,0,0,0,0,0,0,0,0,0,0,0,0,0,1,0,0,0,0,0,0,2905
229,0,0,0,0,0,0,0,0,0,0,0,0,0,1,0,0,0,0,0,0,2905
230,0,0,0,0,0,0,0,0,0,0,0,0,0,2,0,0,0,1,1,0,2905
231,0,0,0,0,0,0,0,0,0,0,0,0,0,1,0,0,0,0,0,0,2905
232,1,0,1,0,0,0,1,1,1,2,0,2,1,8,1,1,1,2,1,3,2905
233,0,0,1,3,0,4,2,0,2,0,0,1,1,4,0,2,0,1,2,2,2905
234,1,1,1,1,1,0,0,1,1,0,1,0,1,4,0,0,1,2,0,1,2905
235,0,0,0,0,0,1,0,0,0,0,0,0,0,3,0,0,0,1,0,1,2905
236,2,1,1,3,0,2,0,3,0,0,6,3,1,5,3,0,3,2,3,3,2905
237,0,0,1,2,0,0,0,2,0,0,0,2,1,3,0,0,2,2,0,2,2905
238,2,0,3,2,0,4,4,2,4,6,0,2,3,14,0,4,2,3,4,4,2905
239,0,0,5,0,0,8,4,1,0,0,3,3,5,7,2,3,0,1,4,4,2905
240,0,0,0,0,2,2,2,0,0,2,0,0,0,2,0,2,0,1,2,2,2905
241,4,2,1,8,2,1,6,4,6,7,6,7,1,3,4,5,5,2,9,3,2905
242,0,4,0,2,2,0,0,2,2,2,0,0,0,3,0,2,0,1,2,8,2905
243,2,0,1,2,2,4,4,2,2,0,0,2,1,3,2,4,0,1,2,4,2905
244,0,2,1,0,2,0,0,1,1,0,0,1,1,2,2,0,1,2,2,2,2905
245,2,2,1,0,4,2,4,2,2,4,1,0,1,2,2,0,2,0,3,2,2905
246,2,2,0,0,1,1,0,1,2,1,1,1,0,3,1,1,1,1,6,4,2905
247,2,2,3,0,4,4,2,2,0,6,2,0,3,6,5,1,2,1,2,4,2905
248,2,0,3,2,3,2,2,2,0,0,1,3,3,2,2,1,2,3,2,4,2905
249,4,0,1,2,0,0,0,0,4,0,1,2,1,3,2,2,2,1,2,4,2905
250,0,0,0,0,0,0,0,0,0,0,0,0,0,1,0,0,0,0,0,0,2905
251,0,0,0,0,0,0,0,0,0,0,0,0,0,8,0,0,0,0,0,0,2905
252,0,0,1,2,2,0,0,0,1,0,2,1,1,3,0,0,1,2,0,0,2905
253,0,4,1,1,4,0,0,0,2,0,0,2,1,3,0,0,0,1,0,4,2905
254,1,2,1,2,0,0,0,0,1,0,1,1,1,3,0,0,0,2,2,2,2905
255,0,0,0,0,0,0,0,0,0,0,0,0,0,5,0,0,0,0,0,0,2905
256,0,0,0,0,0,0,0,0,0,0,0,0,0,1,0,0,0,0,0,0,2905
257,0,0,0,0,2,0,0,0,2,0,0,0,0,3,0,0,0,1,2,2,2905
258,0,1,0,0,0,0,0,0,0,0,0,1,0,2,0,1,0,1,2,1,2905
259,2,2,1,5,2,2,0,2,0,2,1,2,1,3,2,2,2,3,0,2,2905
260,0,0,0,0,0,0,0,0,0,0,0,0,0,1,0,0,0,0,0,0,2905
261,1,4,1,4,2,0,0,4,0,0,7,3,1,6,0,0,4,1,0,4,2905
262,0,0,0,0,0,0,0,0,0,0,0,0,0,2,0,0,0,0,0,0,2905
263,6,2,1,3,2,6,6,0,9,14,3,9,1,3,6,4,0,2,6,4,2905
264,0,0,0,0,0,1,1,0,1,1,0,0,0,3,0,0,0,0,0,0,2905
265,0,0,0,0,0,0,0,0,0,0,0,0,0,2,0,0,0,0,0,0,2905
266,1,1,1,2,0,3,0,5,3,4,2,3,4,4,5,1,3,1,3,3,2905
267,0,0,1,0,0,1,1,0,0,1,1,1,1,2,0,1,0,1,1,2,2905
268,1,1,1,0,1,0,0,1,2,0,1,0,1,4,1,1,0,1,2,2,2905
269,0,1,1,0,0,0,0,0,0,0,0,1,1,2,1,0,0,2,0,5,2905
270,0,0,1,0,0,0,1,0,1,1,0,0,1,5,0,0,0,2,2,3,2905
271,0,0,1,0,0,0,0,0,1,0,0,0,1,3,0,0,0,1,0,1,2905
272,0,0,1,2,0,3,3,0,0,0,0,0,1,3,0,3,0,1,3,2,2905
273,0,2,1,1,2,1,1,1,1,2,0,1,1,3,1,0,1,2,2,2,2905
274,4,2,1,2,6,0,0,2,0,0,2,2,1,8,2,2,2,2,2,10,2905
275,7,0,1,6,0,0,6,6,4,15,6,6,1,6,4,6,6,1,6,4,2905
276,0,0,3,0,0,2,2,0,0,4,0,0,3,2,0,0,0,4,2,1,2905
277,0,4,1,0,0,0,0,0,0,1,3,0,1,3,0,0,0,2,0,2,2905
278,3,0,1,2,0,2,0,2,0,0,1,1,1,2,2,0,2,2,2,2,2905
279,0,0,1,0,0,1,2,1,0,2,0,0,1,3,1,1,0,1,1,2,2905
280,4,0,3,2,0,4,2,2,0,0,0,2,3,3,2,2,2,1,2,8,2905
281,2,1,2,2,3,0,0,2,2,4,2,0,2,5,5,1,2,3,2,2,2905
282,2,0,1,2,2,0,0,1,0,0,1,3,3,4,0,0,2,1,0,4,2905
283,0,0,1,0,0,0,0,0,0,0,0,0,1,3,0,0,0,1,1,2,2905
284,0,0,0,0,0,0,0,0,0,0,0,0,0,2,0,0,0,0,0,0,2905
285,4,0,1,1,0,2,0,0,0,0,2,2,1,3,2,2,2,1,2,4,2905
286,0,0,1,0,0,6,3,3,0,0,0,0,1,3,0,2,0,1,4,2,2905
287,4,0,1,2,0,12,11,2,0,0,4,6,1,3,4,6,6,1,7,8,2905
288,0,2,1,0,2,1,1,0,0,1,0,0,1,4,0,0,0,2,0,1,2905
289,0,0,0,0,0,0,0,0,0,0,0,0,0,3,0,0,0,0,0,0,2905
290,0,0,0,0,0,0,0,0,0,0,0,0,0,2,0,0,0,0,0,0,2905
291,0,1,0,0,2,1,2,0,0,1,0,0,0,1,0,1,0,1,3,1,2905
292,1,0,1,0,4,0,0,1,2,0,0,1,2,3,1,0,1,1,0,3,2905
293,0,4,1,0,3,0,0,0,1,0,0,0,1,2,0,0,0,1,0,4,2905
294,0,1,1,0,1,0,0,0,1,0,0,0,1,3,0,0,0,2,0,2,2905
295,0,0,4,0,2,12,6,0,0,0,0,0,4,6,0,10,0,1,7,4,2905
296,0,0,0,0,0,0,0,0,0,0,0,0,0,3,0,0,0,0,0,0,2905
297,0,0,1,4,2,2,4,3,4,8,1,5,1,9,1,4,1,2,5,3,2905
298,1,2,1,6,3,0,0,3,0,0,3,9,1,3,3,0,2,1,1,4,2905
299,1,1,1,0,0,2,2,0,0,0,0,1,1,4,1,0,1,1,1,3,2905
300,1,3,0,1,3,2,1,0,1,0,0,1,0,8,0,1,0,1,2,4,2905
301,4,2,1,2,4,0,0,0,0,0,1,2,3,3,2,2,0,1,0,8,2905
302,2,0,1,0,0,0,0,0,3,0,0,4,1,6,0,0,0,1,0,4,2905
303,0,0,1,1,0,0,0,0,2,0,2,2,1,3,2,0,2,1,2,4,2905
304,0,0,0,0,0,0,0,0,0,0,0,0,0,1,0,0,0,0,0,0,2905
305,0,0,1,0,0,0,0,1,1,0,0,0,1,3,0,1,0,2,0,0,2905
306,0,0,0,0,0,0,0,0,0,0,0,0,0,2,0,0,0,0,0,0,2905
307,2,1,1,3,2,5,3,3,3,6,11,6,1,3,3,3,4,2,3,5,2905
308,0,0,1,0,0,0,0,0,0,1,0,0,1,4,0,1,0,2,2,1,2905
309,1,0,2,1,1,1,2,2,1,4,0,2,2,4,2,2,1,3,2,5,2905
310,0,0,1,0,0,0,0,0,0,0,0,0,1,2,0,0,0,2,0,4,2905
311,1,1,1,2,0,3,1,5,3,4,2,3,4,5,5,1,3,1,4,3,2905
312,1,1,1,0,1,0,0,1,0,0,0,1,1,3,0,0,0,2,0,0,2905
313,0,1,1,0,0,0,0,0,0,0,0,0,1,3,0,0,0,2,0,1,2905
314,2,2,3,2,4,4,2,2,3,0,2,2,3,4,0,4,2,1,2,4,2905
315,0,1,1,0,0,1,1,1,0,0,0,0,1,4,1,0,0,1,3,2,2905
316,0,0,1,0,0,2,2,0,0,0,0,0,1,4,0,0,0,1,2,4,2905
317,2,4,4,6,4,0,3,1,8,5,3,2,3,10,7,2,3,2,3,6,2905
318,2,0,1,2,0,0,1,2,2,0,2,2,1,3,2,2,2,2,2,0,2905
319,0,0,0,0,0,0,0,0,0,0,0,0,0,2,0,0,0,0,0,0,2905
320,0,2,1,0,2,1,1,0,0,0,0,0,1,2,0,1,0,2,0,1,2905
321,0,1,1,0,1,2,0,0,1,0,0,0,1,4,0,0,0,2,3,2,2905
322,0,0,0,0,0,0,0,0,0,0,0,0,0,2,0,1,0,1,1,1,2905
323,0,0,1,0,1,0,2,0,1,1,0,1,1,2,0,1,0,2,1,3,2905
324,0,0,1,4,2,2,2,2,4,7,2,0,1,5,2,5,2,2,4,5,2905
325,0,0,0,0,1,0,0,1,1,2,0,0,0,2,0,1,1,1,1,1,2905
326,4,2,1,2,0,2,0,3,0,0,1,2,1,3,3,2,2,2,2,8,2905
327,0,0,0,0,0,0,0,0,0,0,0,0,1,1,0,0,0,0,0,0,2905
328,0,2,1,0,0,0,0,0,3,0,0,0,1,5,0,0,0,1,0,2,2905
329,0,0,1,0,0,0,0,1,0,0,0,0,1,4,0,0,0,2,0,0,2905
330,0,0,0,0,0,0,0,0,0,0,0,0,0,2,0,0,0,0,0,0,2905
331,2,0,1,1,0,0,0,0,2,0,1,1,2,3,1,0,1,1,0,2,2905
332,2,0,1,2,0,0,0,2,4,0,1,2,1,5,0,0,2,1,0,4,2905
333,0,0,2,0,1,0,0,1,0,0,0,0,3,2,0,0,0,2,0,0,2905
334,6,4,2,2,2,0,0,18,0,0,6,2,5,2,4,2,18,1,2,8,2905
335,0,3,0,0,2,1,1,0,0,0,0,0,0,3,0,0,0,1,0,1,2905
336,0,0,1,2,0,0,0,1,1,0,0,0,1,7,1,0,1,2,0,2,2905
337,0,0,1,0,1,0,0,1,0,0,0,0,1,1,1,1,0,2,1,1,2905
338,10,0,1,1,1,6,6,4,4,0,2,6,1,5,4,6,4,1,5,4,2905
339,2,2,1,1,2,0,2,2,2,4,2,2,1,3,2,1,2,2,2,6,2905
340,1,0,1,1,2,0,0,0,1,0,0,0,1,2,0,0,0,2,0,2,2905
341,1,2,1,0,2,1,1,0,1,2,0,1,1,7,0,0,0,1,0,2,2905
342,0,3,1,0,1,0,0,0,1,0,0,0,1,3,0,0,0,1,0,2,2905
343,2,0,1,2,5,0,0,3,2,0,2,0,3,4,6,0,2,2,2,4,2905
344,0,0,1,0,0,0,0,0,0,0,0,0,1,5,0,0,0,1,0,2,2905
345,3,0,5,2,1,8,4,2,2,0,0,2,5,3,2,0,1,1,4,4,2905
346,1,0,1,1,1,2,1,1,0,0,0,1,1,4,1,1,1,2,1,1,2905
347,0,0,0,0,0,0,0,0,0,0,0,0,0,1,0,0,0,0,0,0,2905
348,0,0,1,0,0,0,0,0,0,0,0,0,1,3,0,1,0,2,0,0,2905
349,1,3,3,2,0,2,2,0,1,4,1,1,3,8,2,1,0,2,3,2,2905
350,0,0,0,0,0,0,0,0,0,0,0,0,0,1,0,0,0,0,0,0,2905
351,0,2,1,0,2,0,0,0,2,0,0,0,1,3,0,0,0,2,0,4,2905
352,0,0,1,0,0,1,2,1,1,1,0,1,1,3,1,0,1,1,1,1,2905
353,4,2,1,2,4,0,0,2,0,0,0,2,1,3,2,0,2,1,0,4,2905
354,0,2,0,0,3,0,1,0,0,0,0,0,1,2,0,1,0,2,1,1,2905
355,0,0,0,0,0,1,2,0,0,0,0,0,0,1,0,0,0,1,0,1,2905
356,2,0,1,2,0,2,2,0,0,4,0,0,1,5,0,1,0,2,2,0,2905
357,0,1,1,0,1,1,1,1,1,1,0,0,1,3,0,1,1,2,1,1,2905
358,0,0,0,0,0,0,0,0,0,0,0,0,0,1,0,0,0,0,0,0,2905
359,0,2,1,2,4,2,0,2,0,0,0,2,1,2,2,0,0,1,2,4,2905
360,0,0,1,2,1,0,0,0,1,0,0,3,1,6,0,1,0,1,3,2,2905
361,3,2,1,1,0,0,2,2,0,5,0,2,3,7,2,1,2,1,2,2,2905
362,0,0,1,0,1,2,0,2,2,0,0,2,1,3,2,2,1,2,2,2,2905
363,0,1,0,0,1,0,0,0,1,0,0,0,0,1,0,0,0,1,0,1,2905
364,0,0,0,0,0,0,0,0,0,0,0,0,0,1,0,0,0,0,0,0,2905
365,4,0,1,0,0,0,2,2,0,2,1,2,1,5,2,2,2,1,2,4,2905
366,1,5,2,0,3,2,2,1,1,0,4,1,1,2,1,1,0,2,1,3,2905
367,0,0,0,0,0,0,0,0,0,0,0,0,0,1,0,0,0,0,0,0,2905
368,1,0,1,0,0,0,1,0,1,3,0,1,1,4,0,0,0,2,1,4,2905
369,3,0,3,2,1,4,2,0,0,0,0,2,3,3,1,2,0,1,2,8,2905
370,8,0,1,4,4,0,0,4,4,0,0,4,1,3,4,4,4,1,4,8,2905
371,0,0,1,0,0,0,0,0,1,0,0,0,1,2,0,0,0,2,0,1,2905
372,0,2,1,0,4,0,0,2,2,0,0,0,1,3,0,0,2,2,0,2,2905
373,0,0,0,0,0,0,0,0,0,0,0,0,0,1,0,0,0,0,0,0,2905
374,0,1,0,0,0,1,1,0,0,0,0,0,0,3,0,1,0,1,0,1,2905
375,0,0,0,0,1,0,0,0,0,0,0,0,0,1,0,0,0,0,0,1,2905
376,0,0,1,0,0,0,0,0,0,0,0,0,1,3,0,0,0,1,2,2,2905
377,0,0,0,0,0,0,0,0,0,0,0,0,0,1,0,0,0,0,0,0,2905
378,1,4,3,2,2,2,0,2,0,2,0,0,3,6,0,2,1,2,2,6,2905
379,0,0,3,2,0,4,2,0,0,6,0,2,3,2,2,2,0,2,3,2,2905
380,0,2,1,2,1,2,2,1,0,4,0,2,1,6,0,2,0,2,2,2,2905
381,0,0,0,0,0,0,1,0,0,0,0,0,0,7,0,0,0,0,3,0,2905
382,0,1,1,0,1,2,0,0,1,1,0,1,1,5,0,1,0,2,3,2,2905
383,1,2,1,2,0,0,0,0,1,0,0,1,1,2,3,0,0,2,2,2,2905
384,0,5,1,3,2,8,6,6,3,3,4,8,1,4,5,2,6,2,6,4,2905
385,3,2,1,0,2,0,0,1,2,0,6,2,1,7,1,0,1,2,0,6,2905
386,0,1,0,0,1,1,1,0,0,0,0,1,0,1,0,0,0,1,0,1,2905
387,0,0,0,0,0,0,0,0,0,0,0,0,0,3,0,0,0,0,0,0,2905
388,0,0,1,1,0,0,0,1,0,0,0,0,1,5,0,0,0,2,1,1,2905
389,0,0,0,0,0,0,0,0,0,0,0,0,0,3,0,0,0,0,0,0,2905
390,4,0,1,1,3,0,0,0,0,2,2,2,1,2,2,2,2,2,1,3,2905
391,2,0,1,2,2,0,0,2,0,0,1,2,5,4,2,0,2,1,2,8,2905
392,0,0,1,0,2,4,3,0,0,0,1,1,1,4,0,0,0,1,2,4,2905
393,0,0,0,1,0,0,0,0,0,0,0,0,0,3,0,0,0,1,1,2,2905
394,2,0,1,3,2,0,0,3,3,5,0,4,1,4,4,7,0,2,4,3,2905
395,0,0,0,0,0,0,0,0,0,0,0,0,0,1,0,0,0,0,0,0,2905
396,0,0,0,0,0,0,0,0,0,0,0,0,0,1,0,0,0,0,0,0,2905
397,0,0,0,0,0,0,0,0,0,0,0,0,0,1,0,0,0,0,0,0,2905
398,2,0,1,2,1,0,2,2,2,3,2,0,1,2,2,2,2,2,2,0,2905
399,1,1,1,2,0,3,1,5,3,4,2,3,4,3,5,1,3,1,3,3,2905
400,0,0,0,2,7,1,2,2,0,4,2,0,0,8,0,2,2,1,3,8,2905
401,1,0,0,2,0,1,1,1,1,2,0,1,0,3,1,1,1,1,1,3,2905
402,6,2,1,6,3,0,0,6,3,0,6,6,1,4,0,6,6,1,6,4,2905
403,1,0,1,0,1,0,1,1,1,2,0,1,2,3,0,1,1,2,1,1,2905
404,0,0,0,0,0,0,0,0,0,0,0,0,0,1,0,0,0,0,0,0,2905
405,1,0,1,1,1,1,0,1,0,0,0,1,1,3,1,1,1,2,1,3,2905
406,0,0,0,0,0,0,0,0,0,0,0,0,0,1,0,0,0,0,0,0,2905
407,0,2,1,1,2,2,1,2,1,4,0,2,1,4,1,3,2,1,1,5,2905
408,0,0,1,0,0,0,0,0,0,0,0,0,1,9,0,0,0,1,1,0,2905
409,4,0,1,2,2,0,0,2,2,0,0,2,1,3,2,0,2,1,0,4,2905
410,0,1,1,3,0,0,0,3,1,0,2,3,4,4,3,0,2,2,0,2,2905
411,0,0,1,0,0,0,0,0,0,0,0,0,1,2,0,0,0,1,2,2,2905
412,0,0,0,0,0,0,0,0,0,0,0,0,0,5,0,0,0,0,0,0,2905
413,1,2,1,1,1,2,0,2,0,0,2,2,3,11,2,2,2,3,0,5,2905
414,0,0,0,0,0,0,0,0,0,0,0,0,0,3,0,1,0,0,1,1,2905
415,0,0,0,0,0,0,0,0,0,0,0,0,0,1,0,0,0,0,0,0,2905
416,0,0,1,1,0,0,0,0,0,0,3,3,1,3,0,0,2,1,1,2,2905
417,8,4,1,4,6,8,8,4,4,0,4,4,1,3,4,8,4,1,4,8,2905
418,0,0,1,0,2,1,2,2,2,2,0,0,1,3,0,2,2,2,2,3,2905
419,7,0,1,6,0,0,6,6,4,15,6,6,2,3,5,6,6,1,6,4,2905
420,0,0,1,0,0,0,0,0,0,0,0,1,1,3,0,0,0,2,0,1,2905
421,4,2,0,2,2,0,2,2,0,2,4,2,0,6,2,2,2,1,2,4,2905
422,1,0,1,0,0,0,0,0,1,1,0,1,1,2,0,1,0,2,1,2,2905
423,2,2,1,1,4,0,0,0,2,1,0,2,1,3,0,0,0,2,0,2,2905
424,0,0,0,0,0,0,0,0,0,0,0,0,0,1,0,0,0,0,0,0,2905
425,4,0,1,1,3,0,0,0,0,2,2,2,1,2,2,2,2,2,1,3,2905
426,0,1,1,1,1,1,1,0,1,2,0,1,1,5,0,1,0,1,3,2,2905
427,1,0,1,1,4,0,0,2,0,0,2,0,3,4,2,2,2,2,2,2,2905
428,1,4,1,3,0,0,0,0,3,0,0,1,1,2,0,0,0,2,0,1,2905
429,0,0,0,0,0,0,0,0,0,0,0,0,0,3,0,0,0,0,0,0,2905
430,4,2,1,2,3,0,0,2,2,0,1,2,1,4,2,0,2,1,0,4,2905
431,2,2,1,1,3,2,1,1,0,3,2,2,1,8,1,2,2,1,2,12,2905
432,0,0,0,0,0,0,0,0,0,0,0,0,0,2,0,0,0,0,0,0,2905
433,0,0,0,0,0,1,1,0,0,0,0,0,0,1,0,0,0,1,0,1,2905
434,0,0,0,0,0,0,0,0,0,0,0,0,0,2,0,0,0,0,0,0,2905
435,0,0,0,0,0,0,0,0,0,0,0,0,0,1,0,0,0,0,0,0,2905
436,0,0,1,0,1,4,2,2,0,5,0,2,1,4,2,3,0,1,2,4,2905
437,4,0,1,2,0,0,2,0,0,8,0,2,1,4,2,2,2,1,2,4,2905
438,4,2,1,2,4,0,0,2,0,0,0,2,1,4,2,0,2,1,0,4,2905
439,0,1,0,0,1,1,0,1,1,1,0,1,0,2,1,0,0,1,1,1,2905
440,0,0,1,0,0,2,2,0,0,3,0,0,1,4,0,0,0,2,3,0,2905
441,0,0,1,0,0,2,2,1,1,2,0,1,1,5,1,2,0,1,1,2,2905
442,0,0,0,0,0,0,0,0,0,0,0,0,0,1,0,0,0,0,0,0,2905
443,0,2,1,3,2,0,2,2,4,4,2,0,1,4,2,1,2,2,2,3,2905
444,0,0,0,0,0,0,0,0,0,0,0,0,0,4,0,0,0,0,0,0,2905
445,0,0,1,0,0,0,0,0,0,0,0,0,1,2,0,0,0,1,2,2,2905
446,0,0,1,2,3,0,0,1,0,0,1,3,1,3,1,0,0,1,0,5,2905
447,0,1,0,0,0,0,0,0,1,0,0,0,0,4,1,0,1,1,0,1,2905
448,0,0,0,0,0,0,0,0,0,0,0,0,0,2,0,0,0,0,0,0,2905
449,0,0,1,3,1,1,0,0,2,0,0,1,1,4,0,1,0,1,1,2,2905
450,0,1,1,0,1,0,0,1,1,0,1,0,1,4,1,0,1,1,0,4,2905
451,0,0,0,0,0,1,0,1,0,0,0,0,0,1,0,1,1,1,0,1,2905
452,3,2,1,1,0,0,2,2,0,5,0,2,3,5,2,1,2,1,2,2,2905
453,0,0,0,0,0,0,0,0,0,0,0,0,0,1,0,0,0,0,0,0,2905
454,3,0,3,2,0,0,2,2,2,6,1,2,3,6,2,2,1,1,3,2,2905
455,0,1,1,0,1,1,1,0,1,2,0,1,1,4,0,0,0,2,1,1,2905
456,0,0,0,0,0,0,0,0,0,0,0,0,0,1,0,0,0,0,0,0,2905
457,0,0,1,4,0,0,0,0,0,0,2,2,1,3,0,0,0,1,0,4,2905
458,0,0,0,0,0,0,0,0,0,0,0,0,0,1,0,0,0,0,0,0,2905
459,0,0,0,0,0,0,0,0,0,0,0,0,0,1,0,0,0,0,0,0,2905
460,0,0,0,0,0,0,0,0,0,0,0,0,0,2,0,0,0,0,0,0,2905
461,0,0,1,0,0,0,1,1,0,0,0,0,1,4,0,0,1,1,0,2,2905
462,0,1,1,3,2,0,0,1,2,0,1,3,3,3,0,0,1,2,0,2,2905
463,0,1,0,0,0,4,2,0,1,4,0,0,0,10,0,1,0,1,2,0,2905
464,2,2,1,4,3,0,0,2,2,0,4,2,1,3,2,0,4,1,0,6,2905
465,0,0,1,2,1,6,4,3,0,0,0,3,1,3,0,1,0,1,3,1,2905
466,0,0,0,0,0,0,0,0,0,0,0,0,0,1,0,0,0,0,0,0,2905
467,0,0,0,0,0,0,0,0,0,0,0,0,0,1,0,0,0,0,0,0,2905
468,0,0,0,0,0,0,0,0,0,0,0,0,0,2,0,0,0,0,0,0,2905
469,2,2,1,2,2,0,0,0,1,0,0,2,3,4,2,0,2,1,0,8,2905
470,1,1,3,4,2,1,1,2,2,2,2,1,3,5,2,2,2,1,2,5,2905
471,2,1,0,1,1,0,0,5,3,0,2,2,2,1,5,0,3,0,0,1,2905
472,0,0,0,0,0,0,0,0,0,0,0,0,0,1,0,0,0,0,0,0,2905
473,0,0,1,0,0,0,0,0,0,0,0,0,1,3,0,0,0,1,1,4,2905
474,0,2,1,1,0,0,0,1,1,0,0,2,1,4,1,2,0,1,2,4,2905
475,0,0,1,0,0,1,2,0,0,5,0,0,1,3,0,0,0,2,3,2,2905
476,0,1,1,0,1,0,1,0,0,1,0,0,1,3,0,0,0,2,2,3,2905
477,0,0,1,0,1,0,0,2,2,2,0,0,1,4,2,0,1,2,0,2,2905
478,1,2,1,0,1,2,2,0,0,0,0,1,1,3,1,1,0,2,1,2,2905
479,0,0,0,0,0,0,0,0,0,0,0,0,0,1,0,0,0,0,0,0,2905
480,0,0,0,0,0,0,0,0,0,0,0,0,0,1,0,0,0,0,0,0,2905
481,0,2,1,2,4,4,2,0,2,3,0,0,1,2,0,0,0,1,2,4,2905
482,0,0,1,0,0,2,2,0,0,0,0,0,1,3,0,0,0,1,2,4,2905
483,0,0,1,0,0,0,0,1,1,1,1,0,1,3,1,0,1,2,1,0,2905
484,2,0,1,2,2,4,4,2,0,0,1,2,1,2,0,3,2,1,2,4,2905
485,0,0,0,0,0,0,0,0,0,0,0,0,0,1,0,0,0,0,0,0,2905
486,0,2,1,0,3,1,3,0,0,0,0,0,1,6,0,0,0,1,0,3,2905
487,4,0,1,2,0,2,2,0,0,8,1,2,1,5,2,2,2,1,4,4,2905
488,0,0,1,0,1,0,0,0,1,0,0,0,2,4,0,0,0,2,0,1,2905
489,16,0,1,5,8,6,0,6,8,0,3,4,1,4,12,3,3,1,6,4,2905
490,6,6,1,2,6,0,0,3,6,0,3,3,1,3,3,0,3,2,0,4,2905
491,0,2,1,0,4,0,0,2,2,0,0,0,1,7,0,0,2,2,0,2,2905
492,0,0,0,0,0,0,0,0,0,0,0,0,0,1,0,0,0,0,0,0,2905
493,1,1,1,2,1,0,1,1,2,3,1,1,1,2,2,1,0,2,1,3,2905
494,4,0,1,0,0,0,2,0,0,6,0,2,1,3,0,2,1,1,2,4,2905
495,0,0,0,0,0,0,0,0,0,0,0,0,1,8,0,0,0,0,0,0,2905
496,0,0,0,0,0,0,0,0,0,0,0,0,0,2,0,0,0,0,0,0,2905
497,0,0,0,0,0,0,0,0,0,0,0,0,0,1,0,0,0,0,0,0,2905
498,0,0,0,0,0,0,0,0,0,0,0,0,0,4,0,0,0,0,0,0,2905
499,0,0,0,0,0,0,0,0,0,0,0,0,0,5,0,0,0,0,0,0,2905
500,2,0,2,2,2,1,0,1,2,2,1,2,1,1,2,1,1,1,1,8,2905
501,0,2,1,3,0,0,0,3,1,0,4,3,1,3,3,0,2,2,0,3,2905
502,0,0,0,0,0,0,1,1,1,2,0,0,0,2,0,0,1,1,1,1,2905
503,0,0,0,0,0,2,2,0,1,1,0,0,0,5,0,1,0,1,3,4,2905
504,0,0,0,0,0,0,0,0,0,0,0,0,0,6,0,0,0,0,0,0,2905
505,5,0,1,5,0,0,0,2,5,0,3,5,1,4,2,0,3,2,0,5,2905
506,3,0,1,2,0,2,2,2,0,1,3,3,3,6,2,2,2,3,3,4,2905
507,1,0,1,1,0,1,0,2,1,5,1,2,1,5,2,1,1,1,1,0,2905
508,0,0,0,0,0,0,0,0,0,0,0,0,0,5,0,0,0,0,1,0,2905
509,1,2,1,0,2,0,0,2,2,0,0,1,3,3,1,0,1,2,2,2,2905
510,0,0,0,0,0,1,0,0,0,0,0,0,0,2,0,0,0,1,0,1,2905
511,0,0,0,0,0,0,0,0,0,0,0,0,0,1,0,0,0,0,0,0,2905
512,4,0,1,0,2,0,0,2,0,0,1,2,1,4,2,0,2,1,0,4,2905
513,0,0,0,0,0,0,0,0,0,0,0,0,0,1,0,0,0,0,0,0,2905
514,0,1,1,0,1,0,0,0,0,0,0,0,2,4,0,0,0,2,0,0,2905
515,0,0,0,0,0,0,0,0,0,0,0,0,0,5,0,0,0,0,0,0,2905
516,0,0,1,1,0,0,0,1,0,2,0,1,1,9,1,1,0,1,1,4,2905
517,0,0,0,0,0,0,0,0,0,0,0,0,0,2,0,0,0,0,0,0,2905
518,0,1,1,1,1,2,2,0,0,0,1,2,1,3,0,1,0,2,1,1,2905
519,2,0,1,3,2,0,0,2,3,0,0,2,1,2,1,0,0,2,0,2,2905
520,0,0,1,0,0,6,4,0,0,0,0,0,1,4,0,3,0,2,3,2,2905
521,0,0,0,0,0,0,0,0,0,0,0,0,0,5,0,0,0,0,0,0,2905
522,2,0,1,2,0,0,0,2,4,0,1,2,1,2,0,0,2,2,2,2,2905
523,4,2,1,2,5,0,0,2,2,0,1,2,1,3,2,2,2,2,2,6,2905
524,0,2,1,2,2,0,4,4,4,8,0,0,1,4,4,0,0,2,7,5,2905
525,0,0,0,0,0,0,0,0,0,0,0,0,0,1,0,0,0,0,0,0,2905
526,0,0,0,0,0,1,1,0,0,0,0,0,0,4,0,0,0,1,0,1,2905
527,2,0,2,2,2,1,0,1,2,2,1,2,1,1,2,1,1,1,1,7,2905
528,0,0,5,0,0,8,4,1,0,0,3,3,5,8,2,3,0,1,4,4,2905
529,0,1,1,3,1,0,0,0,3,0,0,0,1,3,0,0,0,2,0,2,2905
530,2,0,1,2,0,0,0,2,4,0,0,2,1,4,0,0,2,1,1,4,2905
531,3,0,1,2,0,0,0,2,2,0,1,2,3,7,2,2,1,2,3,2,2905
532,7,6,5,6,4,10,5,5,0,17,1,6,5,2,4,8,4,1,6,10,2905
533,0,0,0,0,0,0,0,0,0,0,0,0,0,1,0,0,0,0,0,0,2905
534,2,0,1,2,0,2,0,2,2,1,1,2,1,4,2,2,2,2,2,6,2905
535,1,1,1,0,1,1,1,1,1,2,0,1,1,2,1,1,0,2,1,2,2905
536,1,1,1,1,2,1,1,0,2,2,0,1,1,4,5,0,0,1,2,2,2905
537,0,0,1,0,0,1,1,1,0,1,0,1,2,5,1,0,1,1,0,2,2905
538,0,0,2,0,1,1,0,1,1,0,1,0,1,5,1,0,1,3,1,1,2905
539,0,2,0,0,0,2,0,1,1,2,0,0,0,5,0,0,1,1,4,2,2905
540,0,2,1,4,2,0,0,0,2,0,4,4,1,4,2,0,2,2,1,4,2905
541,3,0,0,1,4,2,2,0,1,6,1,2,0,3,4,3,1,1,0,4,2905
542,0,0,0,0,0,0,0,0,0,0,2,0,0,3,0,0,0,0,0,0,2905
543,0,0,1,2,0,0,0,0,0,0,0,2,1,6,0,0,0,2,0,2,2905
544,1,2,2,3,5,0,2,2,1,8,2,1,2,3,2,0,2,2,2,4,2905
545,0,0,1,0,0,0,0,0,0,0,0,0,1,2,0,0,0,2,0,1,2905
546,0,0,1,0,1,0,0,0,0,0,0,0,1,4,0,0,0,2,0,1,2905
547,1,2,1,2,1,0,1,2,0,1,2,1,1,1,0,0,1,2,1,1,2905
548,2,2,1,3,0,3,3,3,2,0,3,3,1,2,3,0,3,1,4,2,2905
549,9,0,1,1,0,0,1,0,0,1,0,2,1,3,1,1,6,1,1,1,2905
550,0,0,1,0,0,0,0,0,0,0,0,0,1,6,0,0,0,1,0,4,2905
551,0,1,0,0,0,1,0,0,0,1,0,1,0,5,0,0,0,1,3,1,2905
552,0,2,1,0,2,1,1,1,1,1,0,0,1,4,0,0,1,2,0,1,2905
553,0,0,0,0,0,0,0,0,0,0,0,0,0,1,0,0,0,0,0,0,2905
554,2,0,1,2,2,1,1,1,1,3,1,1,1,2,1,0,0,1,1,2,2905
555,0,0,0,0,0,0,0,0,0,0,0,0,0,1,0,0,0,0,0,0,2905
556,0,0,1,2,0,0,0,0,1,0,1,4,2,2,2,0,0,1,0,4,2905
557,4,2,1,2,2,0,0,0,4,4,0,3,1,5,2,0,0,1,2,4,2905
558,0,0,0,0,0,0,0,0,0,0,0,0,0,1,0,0,0,0,0,0,2905
559,3,2,1,2,4,4,2,2,2,0,2,2,1,4,0,2,2,2,2,2,2905
560,0,3,1,0,2,1,1,0,0,0,0,0,1,2,0,1,0,1,0,4,2905
561,0,2,0,0,0,0,0,0,0,0,0,0,1,2,0,1,0,1,0,0,2905
562,4,2,1,2,2,0,0,0,4,6,0,3,1,3,2,0,0,2,2,4,2905
563,0,1,0,0,2,1,2,0,0,2,0,0,1,4,0,1,0,1,1,1,2905
564,2,2,1,2,2,0,2,3,0,6,1,2,1,3,2,2,2,2,2,5,2905
565,0,0,0,0,0,0,0,0,0,0,0,0,0,2,0,0,0,0,0,0,2905
566,4,0,1,4,0,12,8,0,2,0,2,4,1,5,0,4,2,2,7,2,2905
567,0,0,0,0,0,0,0,0,0,0,0,0,0,1,0,0,0,0,0,0,2905
568,0,2,0,0,1,0,0,0,1,0,0,0,0,1,0,0,0,1,0,1,2905
569,0,1,1,0,1,0,0,1,0,0,1,2,1,5,1,2,0,2,1,2,2905
570,0,4,1,0,5,2,2,1,1,5,0,1,1,3,2,4,1,1,1,4,2905
571,0,0,0,0,0,0,0,0,0,0,0,0,0,1,0,0,0,0,0,0,2905
572,1,0,1,1,0,0,3,0,2,2,4,4,1,3,2,1,0,2,2,4,2905
573,0,0,0,0,0,0,0,0,0,0,0,0,0,2,0,0,0,0,0,0,2905
574,7,0,1,4,2,0,0,4,4,0,3,7,1,4,1,4,3,2,6,3,2905
575,0,0,0,0,0,0,0,0,0,0,0,0,0,1,0,0,0,0,0,0,2905
576,0,0,1,3,0,0,6,3,2,1,3,1,1,3,1,3,3,1,7,2,2905
577,0,0,0,0,0,0,0,0,0,0,0,0,0,1,0,0,0,0,0,0,2905
578,3,0,1,4,0,8,6,0,0,0,0,4,1,4,4,2,0,1,4,4,2905
579,0,0,1,1,0,0,1,0,0,1,0,0,1,2,1,1,0,2,1,1,2905
580,0,0,0,0,0,0,0,0,0,0,0,0,0,1,0,0,0,0,0,0,2905
581,4,0,1,2,0,0,0,2,4,0,1,2,1,4,2,0,0,1,0,8,2905
582,0,0,0,0,0,0,0,0,0,0,0,0,0,1,0,0,0,0,0,0,2905
583,0,0,0,0,0,0,0,0,0,0,0,0,0,2,0,0,0,0,0,0,2905
584,2,0,1,2,0,0,2,1,0,3,0,2,1,4,2,1,0,2,2,2,2905
585,3,0,1,2,0,4,4,2,4,0,1,2,1,4,0,2,2,1,2,4,2905
586,0,2,1,1,1,0,0,0,1,0,0,0,1,2,0,0,0,1,1,2,2905
587,0,0,0,0,0,0,0,0,0,0,0,0,0,1,0,0,0,0,0,0,2905
588,0,2,1,0,1,0,0,1,0,0,0,0,1,3,0,0,0,2,0,1,2905
589,0,0,0,0,0,0,0,0,0,0,0,0,0,1,0,0,0,0,0,0,2905
590,6,0,1,2,0,4,2,0,2,0,11,16,2,5,6,2,4,2,3,1,2905
591,0,2,0,0,2,0,0,0,1,1,0,0,0,7,0,1,0,1,0,1,2905
592,2,0,1,1,0,0,0,1,0,0,1,1,2,3,1,0,1,1,0,4,2905
593,0,0,1,3,0,0,0,0,4,0,2,4,1,3,2,2,2,1,3,4,2905
594,1,1,3,4,2,1,1,2,2,2,2,1,3,5,2,2,2,1,2,3,2905
595,0,0,0,0,0,0,0,0,0,0,0,0,0,2,0,0,0,0,0,0,2905
596,3,0,1,4,3,2,2,1,2,4,2,3,1,3,2,1,2,2,2,2,2905
597,0,0,1,0,0,0,0,0,0,0,0,0,1,2,0,0,0,1,0,2,2905
598,0,0,1,0,0,1,4,0,1,0,0,0,1,2,0,1,0,1,1,3,2905
599,0,0,1,2,1,0,0,1,2,0,1,1,1,4,0,1,1,2,1,1,2905
600,0,0,3,2,1,0,0,2,2,0,0,1,5,3,4,2,0,1,2,4,2905
601,2,1,1,0,0,3,3,1,0,0,0,3,1,11,2,1,2,1,3,3,2905
602,1,0,0,1,0,1,2,2,0,4,1,0,0,5,1,2,1,0,0,2,2905
603,0,0,0,0,0,0,0,0,0,0,0,0,0,2,0,0,0,0,0,0,2905
604,0,0,0,0,0,0,0,0,0,0,0,0,0,1,0,0,0,0,0,0,2905
605,0,0,0,0,0,0,0,0,0,0,0,0,0,1,0,0,0,0,0,0,2905
606,0,0,0,0,0,0,0,0,0,0,0,0,0,3,0,0,0,0,0,0,2905
607,1,0,1,0,1,0,1,0,1,1,0,1,1,3,0,0,0,2,1,2,2905
608,0,1,2,0,1,0,0,0,0,1,0,0,2,4,0,1,0,2,0,1,2905
609,2,0,1,1,0,1,0,1,0,0,0,1,1,2,0,1,0,2,1,1,2905
610,0,0,0,0,0,0,0,0,0,0,0,0,0,2,0,0,0,0,0,0,2905
611,0,1,1,1,1,4,2,0,1,1,0,0,1,2,1,0,0,2,2,2,2905
612,0,0,1,1,0,0,0,0,1,0,0,0,1,2,0,0,0,2,0,1,2905
613,0,0,0,0,0,0,0,0,0,0,0,0,0,5,0,0,0,0,0,0,2905
614,0,0,0,0,0,0,0,0,0,0,0,0,0,3,0,0,0,0,0,0,2905
615,0,0,1,0,1,0,0,1,1,0,1,1,1,2,1,0,0,1,0,4,2905
616,0,0,0,0,0,0,0,0,0,0,0,0,0,3,0,0,0,0,0,0,2905
617,0,0,0,0,0,0,0,0,0,0,0,0,0,1,0,0,0,0,0,0,2905
618,0,0,1,0,1,0,1,1,1,2,1,0,1,6,0,1,1,1,1,3,2905
619,0,0,1,2,1,6,4,3,0,0,0,3,1,3,0,1,0,1,4,2,2905
620,0,0,0,0,0,0,0,0,0,0,0,0,0,2,0,0,0,0,0,0,2905
621,6,2,1,2,6,0,0,4,2,0,2,2,1,4,4,0,2,2,0,12,2905
622,0,0,1,0,2,1,1,0,1,1,0,0,1,4,0,0,0,2,1,1,2905
623,0,0,1,0,0,0,2,1,1,4,0,0,1,5,1,1,0,2,3,3,2905
624,0,0,1,3,0,0,0,0,1,0,0,0,1,4,0,0,0,1,0,3,2905
625,0,2,3,3,2,2,2,2,2,0,0,3,5,2,2,2,0,1,2,4,2905
626,12,2,1,6,4,0,0,4,4,0,2,6,1,2,4,0,8,1,0,12,2905
627,3,0,1,2,2,0,0,2,1,0,0,2,1,4,2,0,1,1,1,8,2905
628,3,2,1,2,3,0,4,2,0,5,1,2,1,6,1,2,2,1,3,6,2905
629,6,0,1,6,0,0,0,6,6,0,9,3,1,5,0,6,6,2,5,8,2905
630,0,0,0,0,0,0,0,0,0,0,0,0,0,1,0,0,0,0,0,0,2905
631,0,0,0,0,0,0,0,0,0,0,0,0,0,1,0,0,0,0,0,0,2905
632,0,0,0,0,0,0,0,0,0,0,0,0,0,1,0,0,0,0,0,0,2905
633,1,1,1,0,1,0,0,0,1,0,0,1,1,8,0,0,0,2,0,1,2905
634,0,2,1,0,2,0,1,0,1,1,0,1,1,6,0,0,0,2,1,4,2905
635,0,0,0,0,0,0,0,0,0,0,0,0,0,2,0,0,0,0,1,0,2905
636,3,2,2,2,2,0,3,2,0,5,1,2,2,3,1,3,2,2,3,6,2905
637,0,0,1,1,0,2,2,0,0,0,1,2,1,5,0,0,0,2,1,0,2905
638,4,2,1,2,2,2,2,2,4,2,1,2,3,10,2,2,2,4,0,2,2905
639,0,0,1,0,0,0,0,1,0,0,0,0,1,3,0,0,0,1,0,1,2905
640,0,0,0,0,0,0,0,0,0,0,0,0,0,1,0,0,0,0,0,0,2905
641,0,0,0,0,0,0,0,0,0,0,0,0,0,1,0,0,0,0,0,0,2905
642,0,1,0,0,0,0,0,0,1,0,0,0,0,4,0,0,0,1,0,2,2905
643,0,0,0,2,0,0,0,0,0,3,0,0,2,4,0,1,0,1,2,2,2905
644,0,0,0,0,0,0,0,0,0,0,0,0,0,2,0,0,0,0,0,0,2905
645,2,3,2,1,2,1,1,1,2,1,1,1,1,5,0,1,1,1,1,7,2905
646,2,2,1,1,1,0,0,2,2,2,4,1,1,5,2,1,2,2,1,5,2905
647,0,0,1,2,0,2,0,2,2,0,0,2,3,6,2,2,0,3,0,4,2905
648,0,0,0,0,0,0,0,0,0,0,0,0,0,1,0,0,0,0,0,0,2905
649,0,0,0,0,0,0,0,0,0,0,0,0,0,1,0,0,0,0,0,0,2905
650,0,2,1,3,0,0,0,3,1,0,4,3,1,3,3,0,2,2,0,3,2905
651,0,0,0,0,0,0,0,0,0,0,0,0,0,1,0,0,0,0,0,0,2905
652,1,3,2,0,4,1,1,2,2,1,0,0,2,7,1,1,1,2,5,2,2905
653,1,1,1,2,0,3,1,5,3,4,2,3,4,3,5,1,3,1,3,3,2905
654,0,0,0,0,0,0,0,0,0,0,0,0,0,1,0,0,0,0,0,0,2905
655,0,0,0,0,0,0,0,0,0,0,0,0,0,4,0,0,0,0,0,0,2905
656,0,0,0,0,0,0,0,0,0,0,0,0,0,3,0,0,0,0,0,0,2905
657,0,0,1,0,1,0,0,0,0,0,0,0,1,3,0,0,0,2,0,2,2905
658,0,0,0,0,0,0,0,0,0,0,0,0,0,1,0,0,0,0,0,0,2905
659,2,2,1,2,2,0,0,0,2,0,2,2,3,4,2,0,2,1,3,6,2905
660,1,0,1,0,0,0,0,0,0,0,0,1,3,8,0,2,0,2,0,3,2905
661,4,2,1,2,5,0,0,2,2,0,1,2,1,2,2,2,2,2,3,6,2905
662,0,0,0,0,0,0,0,0,0,0,0,0,0,1,0,0,0,0,0,0,2905
663,0,2,1,0,2,0,0,0,0,0,0,0,1,4,0,1,0,2,1,1,2905
664,16,0,1,5,8,0,0,6,8,0,3,4,1,3,12,0,3,1,0,4,2905
665,0,0,0,0,0,0,0,0,0,0,0,0,0,2,0,0,0,0,0,0,2905
666,4,4,1,2,4,0,5,2,2,0,2,2,1,6,2,2,2,2,2,8,2905
667,0,0,2,2,0,1,2,4,0,2,14,7,5,9,4,2,4,1,2,0,2905
668,0,4,1,0,4,0,0,0,0,0,0,0,1,6,0,0,0,2,0,3,2905
669,9,2,8,6,2,8,4,5,6,6,9,9,5,11,6,6,6,4,10,14,2905
670,0,0,0,0,0,0,0,0,1,0,0,0,0,1,0,0,0,0,0,0,2905
671,1,0,1,3,0,0,0,4,0,0,4,1,1,2,2,0,0,2,0,4,2905
672,0,0,0,0,0,0,0,0,0,0,0,0,0,2,0,0,0,1,0,0,2905
673,1,2,3,1,4,2,2,2,0,6,2,2,3,4,0,1,2,2,2,3,2905
674,0,0,1,2,0,0,0,0,2,0,0,0,1,3,0,0,0,1,1,4,2905
675,1,0,1,2,0,0,0,0,1,0,0,1,1,4,0,0,0,1,1,2,2905
676,2,3,1,1,4,0,2,2,2,8,2,1,1,7,2,0,2,2,3,6,2905
677,0,2,1,4,0,0,0,0,0,0,0,0,1,4,0,0,0,2,0,3,2905
678,0,0,0,0,0,0,0,0,0,0,0,0,0,5,0,0,0,0,0,0,2905
679,0,0,0,0,0,0,0,0,0,0,0,0,0,1,0,0,0,0,0,0,2905
680,2,1,1,2,4,1,0,2,2,5,0,2,1,6,2,0,2,1,3,10,2905
681,2,2,1,2,2,0,0,2,1,0,1,2,3,2,0,0,2,1,0,4,2905
682,0,0,0,0,0,0,0,0,0,0,0,0,0,1,0,0,0,0,0,0,2905
683,0,3,1,0,4,0,0,0,0,0,0,0,3,4,0,0,0,1,0,10,2905
684,3,0,1,2,1,0,0,2,2,0,1,2,3,5,2,0,2,1,3,6,2905
685,0,0,0,0,0,0,0,0,0,0,0,0,0,2,0,0,0,0,0,0,2905
686,0,0,0,0,0,0,0,0,0,0,0,0,0,3,0,0,0,0,1,0,2905
687,4,2,1,2,0,2,0,3,0,0,1,2,1,5,3,2,2,2,2,8,2905
688,0,0,1,2,0,0,4,0,0,8,0,2,1,2,0,1,0,2,5,3,2905
689,3,0,1,3,0,0,0,3,0,0,3,0,1,2,0,0,3,2,0,2,2905
690,0,0,0,0,0,0,0,0,0,0,0,0,0,1,0,0,0,0,0,0,2905
691,7,0,1,6,2,0,0,6,4,0,6,12,6,3,6,0,6,1,0,4,2905
692,4,4,2,2,2,4,3,2,0,0,1,2,2,4,2,2,2,1,2,8,2905
693,0,0,0,0,0,0,0,0,0,0,0,0,0,1,0,0,0,0,0,0,2905
694,2,1,4,1,4,0,0,5,2,2,5,1,2,4,3,1,6,1,1,4,2905
695,0,0,0,0,0,0,0,0,0,0,0,0,0,3,0,0,0,0,0,0,2905
696,0,0,1,0,0,0,0,1,1,0,0,0,1,3,0,1,0,2,0,0,2905
697,4,0,1,2,2,0,0,2,2,0,2,2,1,2,2,0,2,2,0,2,2905
698,0,0,0,0,1,0,0,0,0,1,0,0,1,2,0,0,0,1,0,1,2905
699,2,1,1,2,4,1,0,2,2,5,0,2,1,6,2,0,2,1,3,10,2905
700,0,0,0,0,0,0,0,0,0,0,0,0,0,1,0,0,0,0,0,0,2905
701,2,4,1,1,2,0,0,0,2,0,0,2,1,1,0,2,0,2,2,5,2905
702,0,0,0,0,0,0,0,0,0,0,0,0,0,2,0,0,0,0,0,0,2905
703,4,0,1,2,4,0,2,2,2,4,1,2,1,2,2,2,2,2,2,6,2905
704,0,0,0,0,0,0,0,0,0,0,0,0,0,1,0,0,0,0,0,0,2905
705,0,1,1,3,0,0,0,3,0,2,16,5,3,6,6,2,3,2,1,0,2905
706,0,2,0,0,1,0,0,0,1,0,0,0,0,5,0,0,0,1,2,1,2905
707,4,0,1,2,2,0,0,0,2,0,2,2,1,3,2,0,2,2,0,3,2905
708,2,0,1,0,0,0,0,4,4,8,4,0,1,4,4,3,4,2,4,2,2905
709,0,0,0,0,0,0,0,0,0,0,0,0,0,1,0,0,0,0,0,0,2905
710,0,2,2,0,3,0,1,0,4,1,0,0,2,9,0,1,0,2,1,2,2905
711,0,0,1,3,0,6,4,0,3,0,0,0,1,4,0,1,0,1,3,2,2905
712,1,0,2,1,1,2,1,1,0,0,1,2,2,2,0,0,1,1,1,2,2905
713,3,0,1,3,1,0,0,3,3,1,3,3,1,2,3,0,0,2,3,2,2905
714,2,2,0,0,3,1,1,1,2,2,1,1,0,3,1,1,1,1,1,4,2905
715,5,2,1,1,3,0,0,4,3,2,13,2,1,4,3,2,7,2,2,10,2905
716,0,0,1,0,2,0,0,0,0,0,0,0,1,3,0,0,0,2,0,1,2905
717,0,0,0,0,0,0,0,0,0,0,0,0,0,1,0,0,0,0,0,0,2905
718,4,2,1,2,2,2,0,4,3,2,0,2,1,3,3,2,2,1,2,8,2905
719,0,2,0,0,1,1,0,0,1,0,0,0,0,1,0,1,0,1,0,1,2905
720,0,0,2,0,1,1,0,1,1,0,1,0,1,4,1,0,1,3,1,1,2905
721,0,0,0,0,0,0,0,0,0,0,0,0,0,1,0,0,0,0,0,0,2905
722,0,0,0,0,0,0,0,0,0,0,0,0,0,6,0,0,0,0,0,0,2905
723,0,0,0,0,0,0,0,0,0,0,0,0,0,1,0,0,0,0,0,0,2905
724,0,4,1,2,5,2,0,0,2,0,0,0,1,3,0,0,0,2,2,2,2905
725,1,4,1,2,4,0,2,0,3,5,0,2,1,3,0,1,0,2,2,4,2905
726,0,0,0,0,0,0,0,0,0,0,0,0,0,2,0,0,0,0,0,0,2905
727,0,0,0,0,0,0,0,0,0,0,0,0,0,1,0,0,0,0,0,0,2905
728,1,2,1,2,3,0,1,2,3,0,3,0,1,5,3,3,3,2,3,6,2905
729,2,0,1,3,0,0,2,0,3,2,2,3,1,5,2,1,0,2,4,2,2905
730,0,0,1,0,0,2,2,0,2,4,0,0,1,4,2,3,0,2,2,3,2905
731,0,0,0,0,0,0,0,0,0,0,0,0,0,3,0,0,0,0,0,0,2905
732,0,0,0,0,0,0,0,0,0,0,0,0,0,2,0,0,0,0,0,0,2905
733,3,2,2,2,2,0,3,2,0,5,1,2,2,3,1,3,2,2,2,6,2905
734,0,0,0,0,0,0,0,0,0,0,0,0,0,1,0,0,0,0,0,0,2905
735,3,2,3,0,0,0,2,2,0,4,1,2,5,3,3,1,2,1,2,6,2905
736,1,1,1,0,2,1,1,1,1,1,0,1,1,5,1,2,1,2,1,2,2905
737,4,2,1,2,2,0,0,0,4,6,0,2,1,5,2,0,0,1,2,4,2905
738,5,2,1,6,2,1,6,5,6,17,5,6,1,7,5,5,5,1,6,4,2905
739,0,0,0,0,0,0,0,0,0,0,0,0,0,1,0,0,0,0,0,0,2905
740,0,0,1,0,0,6,3,0,0,0,0,0,1,6,0,3,0,1,3,2,2905
741,0,0,1,0,0,0,0,0,3,0,0,0,1,2,0,0,0,2,0,6,2905
742,0,0,1,0,0,0,0,1,1,0,1,0,1,3,1,0,1,2,0,1,2905
743,0,0,0,0,0,0,0,0,0,0,0,0,0,1,0,0,0,0,0,0,2905
744,1,0,1,4,0,0,0,0,0,0,0,4,1,4,1,0,0,2,0,2,2905
745,2,2,1,4,2,0,0,0,4,0,2,0,3,4,0,0,0,2,1,2,2905
746,2,4,1,3,4,2,2,2,2,5,1,3,1,3,2,0,1,2,4,2,2905
747,0,0,1,2,0,0,0,2,0,2,0,0,1,3,0,2,0,2,2,2,2905
748,0,2,1,2,0,4,3,0,0,0,0,2,1,2,0,2,0,2,2,2,2905
749,1,0,1,1,1,0,1,1,2,2,1,1,1,5,1,1,1,2,1,3,2905
750,0,2,0,0,1,1,1,0,0,0,0,0,0,3,0,0,0,1,0,1,2905
751,4,0,1,2,0,0,0,0,0,5,1,2,1,8,2,2,2,1,3,4,2905
752,0,0,0,0,0,0,0,0,0,0,0,0,0,1,0,0,0,0,0,0,2905
753,0,0,1,0,0,0,2,0,0,0,0,0,1,4,0,0,0,1,0,10,2905
754,1,1,1,0,1,0,2,1,1,1,0,2,1,3,1,1,1,2,2,0,2905
755,0,1,0,0,1,1,0,1,1,2,0,0,0,2,0,1,0,1,0,3,2905
756,4,0,1,1,2,0,0,1,0,0,1,2,1,4,2,0,1,1,0,8,2905
757,1,0,1,1,0,0,0,5,0,0,1,5,1,4,0,0,3,1,0,6,2905
758,1,0,1,0,0,1,1,0,2,1,0,0,1,9,0,1,0,2,1,3,2905
759,0,1,1,0,2,0,0,1,1,1,0,1,1,3,1,1,1,2,2,1,2905
760,0,0,1,0,0,0,0,0,0,1,0,0,1,4,0,0,0,2,4,3,2905
761,0,1,0,0,0,1,1,0,0,0,0,0,1,2,0,0,0,1,0,1,2905
762,0,0,0,0,0,0,0,0,0,0,0,0,0,3,0,0,0,0,0,0,2905
763,0,0,0,0,0,0,0,0,0,0,0,0,0,3,0,0,0,0,1,0,2905
764,4,0,1,2,0,0,2,0,0,8,0,2,1,3,2,2,2,1,2,4,2905
765,4,2,2,3,2,2,2,0,3,5,2,2,2,12,2,2,0,1,2,10,2905
766,0,0,1,0,0,0,0,0,0,1,0,0,1,3,0,0,0,2,4,3,2905
767,0,0,0,0,0,0,0,0,0,0,0,0,0,2,0,0,0,0,0,0,2905
768,0,0,0,0,0,0,0,0,0,0,0,0,0,4,0,0,0,0,0,0,2905
769,0,1,2,0,1,1,0,2,1,1,0,1,3,5,1,0,1,2,1,2,2905
770,0,0,1,0,0,0,2,0,0,4,0,0,1,4,0,0,0,2,3,0,2905
771,0,0,0,0,0,1,1,1,1,1,0,1,0,4,1,0,0,1,2,1,2905
772,0,0,1,0,2,1,2,2,0,2,0,0,1,5,0,2,2,2,1,1,2905
773,0,0,0,0,0,0,0,0,0,0,0,0,0,1,0,0,0,0,0,0,2905
774,4,2,7,6,2,12,6,6,2,0,3,6,7,3,6,1,6,1,6,4,2905
775,0,0,0,1,0,0,0,0,0,0,1,2,0,3,0,0,0,0,2,1,2905
776,0,0,1,0,0,0,0,0,0,0,0,0,1,9,0,1,0,2,1,1,2905
777,1,2,1,0,3,1,1,0,1,2,1,1,1,4,0,2,1,2,2,4,2905
778,0,0,0,0,0,0,0,0,0,0,0,0,0,2,0,0,0,0,0,0,2905
779,0,1,1,0,0,0,0,0,1,0,1,1,1,3,0,0,0,2,1,1,2905
780,1,0,0,1,2,0,0,1,1,0,1,1,0,4,1,0,1,2,1,4,2905
781,0,2,0,0,0,1,0,0,1,0,0,1,0,2,1,1,0,1,1,5,2905
782,2,2,1,2,3,0,0,2,4,0,1,2,2,12,2,0,2,2,4,8,2905
783,2,3,1,1,2,0,0,0,2,0,0,2,3,4,1,0,1,1,0,4,2905
784,1,1,0,1,3,0,0,1,0,0,0,1,0,4,1,1,1,1,1,1,2905
785,0,4,1,0,5,2,2,1,1,5,0,1,1,3,2,4,1,1,2,4,2905
786,3,2,1,4,4,0,0,4,3,0,1,4,1,2,4,0,4,2,0,6,2905
787,4,2,1,2,2,2,0,4,3,2,0,2,1,3,3,2,2,1,2,8,2905
788,0,1,1,0,1,1,1,0,1,2,0,1,1,2,0,0,0,2,1,1,2905
789,0,0,1,1,0,0,0,2,1,0,1,0,1,2,0,1,0,2,1,5,2905
790,0,0,0,0,0,0,0,0,0,0,0,0,0,1,0,0,0,0,0,0,2905
791,2,2,3,1,5,2,2,2,3,5,2,2,3,4,1,2,2,2,2,4,2905
792,0,4,1,2,2,0,2,2,2,4,2,0,1,4,2,2,2,1,3,8,2905
793,0,0,1,0,0,0,0,0,0,0,0,0,1,3,0,0,0,2,0,2,2905
794,0,0,1,0,0,0,0,0,0,0,0,0,1,2,0,0,0,1,2,2,2905
795,3,0,1,4,0,8,6,2,4,3,0,3,1,4,0,5,1,3,4,3,2905
796,2,2,1,2,2,0,0,2,2,0,0,2,1,4,0,0,0,2,0,6,2905
797,8,0,1,4,4,4,0,4,6,0,2,4,5,2,4,4,4,2,4,12,2905
798,0,0,0,0,0,0,0,0,0,0,0,0,0,1,0,0,0,0,0,0,2905
799,0,1,0,0,0,0,0,0,1,0,0,0,0,1,0,1,0,1,0,1,2905
800,2,0,1,2,2,4,3,2,1,0,2,2,1,3,0,2,2,2,2,2,2905
801,2,2,1,3,0,3,3,3,2,0,3,3,1,3,3,0,3,1,3,2,2905
802,0,0,3,3,0,2,2,1,3,0,0,3,3,6,0,0,0,1,0,4,2905
803,0,0,0,0,0,0,0,0,0,0,0,0,0,3,0,0,0,0,0,0,2905
804,2,0,2,3,2,2,2,2,2,0,0,0,5,2,2,0,2,1,2,4,2905
805,0,3,0,0,2,0,1,0,1,2,0,0,0,10,0,1,0,1,1,2,2905
806,4,0,1,2,0,0,0,2,3,0,0,2,3,10,2,0,2,1,0,4,2905
807,0,0,1,0,0,0,0,0,0,0,0,0,1,2,0,0,0,1,2,2,2905
808,4,0,1,2,0,4,3,2,0,0,0,2,1,3,2,2,1,1,2,4,2905
809,0,2,0,0,2,1,1,0,0,0,0,0,0,3,0,0,0,1,0,0,2905
810,2,0,2,0,0,2,1,1,0,0,0,1,2,4,1,0,1,1,1,3,2905
811,0,0,1,0,0,0,0,0,0,0,0,0,1,3,0,0,0,1,1,4,2905
812,4,2,1,2,3,0,0,4,3,0,8,2,3,5,2,0,4,1,0,8,2905
813,0,2,1,3,1,2,3,0,0,6,4,6,1,3,0,2,0,1,3,2,2905
814,0,0,0,0,0,0,0,0,0,0,0,0,0,2,0,0,0,0,0,0,2905
815,0,1,1,3,1,0,0,2,2,0,0,0,2,5,2,0,0,1,1,2,2905
816,7,0,1,6,0,0,6,6,4,15,6,6,1,3,4,6,6,1,6,4,2905
817,0,2,1,0,2,1,1,0,1,2,0,0,1,7,1,0,0,2,1,1,2905
818,0,1,1,1,0,0,0,0,0,0,0,0,1,3,0,0,0,2,0,1,2905
819,9,3,1,4,0,0,6,4,4,12,5,6,7,3,6,1,1,3,5,5,2905
820,0,0,0,0,0,0,0,0,0,0,0,0,0,3,0,0,0,0,0,0,2905
821,0,0,1,0,1,0,0,1,0,1,0,0,1,5,1,1,1,2,1,1,2905
822,0,1,1,0,0,0,0,0,1,0,1,1,1,4,0,0,0,2,1,1,2905
823,0,1,1,1,1,0,0,1,1,0,1,1,1,4,1,0,0,2,0,1,2905
824,7,0,1,2,2,0,0,4,4,0,1,2,3,3,4,0,3,1,0,6,2905
825,0,0,0,0,0,0,0,0,0,0,0,0,0,2,0,0,0,0,0,0,2905
826,0,0,1,0,0,0,0,0,0,0,0,0,1,3,0,1,0,2,1,1,2905
827,0,0,0,0,0,0,0,0,0,0,0,0,0,5,0,0,0,0,0,0,2905
828,0,0,0,0,0,1,2,0,0,0,0,0,0,1,0,0,0,1,0,1,2905
829,4,6,1,1,4,4,2,2,1,4,2,1,1,6,2,2,2,2,3,3,2905
830,4,1,1,0,2,3,3,0,3,6,3,6,1,7,0,3,3,2,3,2,2905
831,0,0,1,3,0,0,0,2,3,0,4,2,1,6,0,0,2,1,0,3,2905
832,0,0,0,0,0,0,0,0,0,0,0,0,0,1,0,0,0,0,0,0,2905
833,4,2,1,3,2,2,2,0,3,5,2,2,1,19,2,2,0,1,2,10,2905
834,0,5,1,0,0,0,0,0,0,0,3,0,1,2,0,0,0,2,3,2,2905
835,0,0,0,0,0,0,0,0,0,0,0,0,0,1,0,0,0,0,0,0,2905
836,4,0,1,2,1,0,0,2,2,0,1,2,3,3,2,2,2,2,2,6,2905
837,0,0,1,0,1,0,0,0,1,0,0,0,1,4,0,0,0,1,0,2,2905
838,0,1,2,2,0,0,1,3,0,3,15,4,4,6,6,5,3,3,3,0,2905
839,3,0,1,0,0,2,2,0,0,4,0,0,1,3,2,1,0,2,2,2,2905
840,0,2,1,1,3,0,0,0,0,0,2,0,3,3,0,0,0,2,0,2,2905
841,0,2,1,8,4,0,4,5,4,9,1,0,1,7,2,4,0,2,4,4,2905
842,0,0,0,0,0,0,0,0,0,0,0,0,0,1,0,0,0,0,0,0,2905
843,1,3,2,0,3,1,0,1,2,1,1,1,1,3,1,1,1,1,0,3,2905
844,0,1,1,2,0,0,1,2,0,1,2,2,1,4,3,1,0,1,1,4,2905
845,1,1,1,2,1,0,1,1,2,3,1,1,1,2,2,1,0,2,1,3,2905
846,2,2,1,2,2,2,2,2,2,0,0,2,1,3,6,2,0,1,3,8,2905
847,0,2,1,1,1,0,1,1,1,2,0,1,1,3,1,1,0,2,1,4,2905
848,0,0,0,0,0,0,0,0,0,0,0,0,0,1,0,0,0,0,0,0,2905
849,1,0,1,1,0,0,1,1,2,3,0,0,1,6,2,0,1,2,0,1,2905
850,0,0,0,0,0,0,0,0,0,0,0,0,0,0,0,0,0,0,0,0,2905
851,1,0,1,1,0,0,0,3,3,5,3,1,1,4,3,2,3,2,3,2,2905
852,0,2,1,0,0,0,0,0,3,0,0,0,1,3,0,0,0,1,0,2,2905
853,0,0,0,0,0,0,0,0,0,0,0,0,0,2,0,0,0,0,0,0,2905
854,1,0,1,2,1,0,0,1,1,0,1,1,1,3,0,0,1,2,0,1,2905
855,0,0,1,0,0,0,1,0,0,1,2,3,1,2,4,2,0,2,0,0,2905
856,0,2,0,0,2,0,0,1,0,0,0,0,0,3,0,0,0,1,1,0,2905
857,0,0,1,0,0,12,8,0,6,12,0,0,1,5,0,5,0,1,7,4,2905
858,0,1,0,0,1,0,0,0,0,1,0,1,0,2,1,1,0,1,1,1,2905
859,0,2,1,0,0,1,1,0,0,0,0,0,1,3,0,1,0,2,0,1,2905
860,0,0,0,0,0,0,0,0,0,0,0,0,0,5,0,0,0,0,0,0,2905
861,2,4,1,2,2,0,0,1,2,1,1,3,1,4,1,1,1,1,0,4,2905
862,0,0,1,4,0,0,2,0,0,4,2,2,1,7,0,0,0,1,4,4,2905
863,0,0,0,1,0,0,0,1,1,0,0,0,0,2,0,1,0,1,0,1,2905
864,0,0,0,0,0,0,0,0,0,0,0,0,0,1,0,0,0,0,0,0,2905
865,0,0,0,0,0,0,0,0,0,0,0,0,0,4,0,0,0,0,0,0,2905
866,0,2,0,0,2,1,1,0,1,1,0,0,0,2,0,0,0,1,0,1,2905
867,0,2,1,0,2,1,1,1,1,2,0,1,3,9,1,1,1,2,1,2,2905
868,0,3,0,0,2,0,1,0,1,2,0,0,0,6,0,1,0,1,1,2,2905
869,0,0,0,2,0,0,0,2,0,2,1,0,0,3,0,0,2,1,0,0,2905
870,0,0,0,0,0,0,0,0,0,0,0,0,0,1,0,0,0,0,0,0,2905
871,2,0,1,1,0,0,0,1,1,0,0,1,1,3,1,0,1,1,0,1,2905
